expr,time,NumberRows,NumberGroups,seconds,Sorted
"plotly:::group2NA(Data, ""GroupA"", ""GroupB"", ""GroupC"", retrace.first = TRUE)",3437664,100,10,0.03437664,Sorted
"plotly:::group2NA(Data, ""GroupA"", ""GroupB"", ""GroupC"", retrace.first = TRUE)",2627833,100,10,0.02627833,Sorted
"plotly:::group2NA(Data, ""GroupA"", ""GroupB"", ""X1"", retrace.first = TRUE)",2664069,100,10,0.02664069,Sorted
"plotly:::group2NA(Data, ""GroupA"", ""GroupB"", ""X1"", retrace.first = TRUE)",2619868,100,10,0.02619868,Sorted
"plotly:::group2NA(Data, ""GroupA"", ""GroupB"", c(""X1"", ""X2"", ""X3""),      retrace.first = TRUE)",2681390,100,10,0.0268139,Sorted
"plotly:::group2NA(Data, ""GroupA"", ""GroupB"", c(""X1"", ""X2""), retrace.first = TRUE)",2630527,100,10,0.02630527,Sorted
"plotly:::group2NA(Data, ""GroupA"", ""GroupB"", c(""X1"", ""X2""), retrace.first = TRUE)",2684686,100,10,0.02684686,Sorted
"plotly:::group2NA(Data, ""GroupA"", ""GroupB"", c(""X1"", ""X2"", ""X3""),      retrace.first = TRUE)",2688112,100,10,0.02688112,Sorted
"plotly:::group2NA(Data, ""GroupA"", ""GroupB"", ""X1"", retrace.first = TRUE)",2533688,100,10,0.02533688,Sorted
"plotly:::group2NA(Data, ""GroupA"", ""GroupB"", ""X1"", retrace.first = TRUE)",2644692,100,10,0.02644692,Sorted
"plotly:::group2NA(Data, ""GroupA"", ""GroupB"", ""X1"", retrace.first = TRUE)",2603165,100,10,0.02603165,Sorted
"plotly:::group2NA(Data, ""GroupA"", ""GroupB"", c(""X1"", ""X2""), retrace.first = TRUE)",2742771,100,10,0.02742771,Sorted
"plotly:::group2NA(Data, ""GroupA"", ""GroupB"", retrace.first = TRUE)",2689546,100,10,0.02689546,Not Sorted
"plotly:::group2NA(Data, ""GroupA"", retrace.first = TRUE)",2506688,100,10,0.02506688,Sorted
"plotly:::group2NA(Data, ""GroupA"", ""GroupB"", ""GroupC"", retrace.first = TRUE)",2696677,100,10,0.02696677,Sorted
"plotly:::group2NA(Data, ""GroupA"", ""GroupB"", c(""X1"", ""X2"", ""X3""),      retrace.first = TRUE)",2727688,100,10,0.02727688,Sorted
"plotly:::group2NA(Data, ""GroupA"", ""GroupB"", retrace.first = TRUE)",2557878,100,10,0.02557878,Not Sorted
"plotly:::group2NA(Data, ""GroupA"", ""GroupB"", ""GroupC"", retrace.first = TRUE)",2725770,100,10,0.0272577,Sorted
"plotly:::group2NA(Data, ""GroupA"", ""GroupB"", c(""X1"", ""X2"", ""X3""),      retrace.first = TRUE)",2775953,100,10,0.02775953,Sorted
"plotly:::group2NA(Data, ""GroupA"", ""GroupB"", retrace.first = TRUE)",2589948,100,10,0.02589948,Not Sorted
"plotly:::group2NA(Data, ""GroupA"", retrace.first = TRUE)",2529589,100,10,0.02529589,Sorted
"plotly:::group2NA(Data, ""GroupA"", ""GroupB"", retrace.first = TRUE)",2638904,100,10,0.02638904,Not Sorted
"plotly:::group2NA(Data, ""GroupA"", retrace.first = TRUE)",2563751,100,10,0.02563751,Sorted
"plotly:::group2NA(Data, ""GroupA"", retrace.first = TRUE)",2496738,100,10,0.02496738,Sorted
"plotly:::group2NA(Data, ""GroupA"", ""GroupB"", c(""X1"", ""X2""), retrace.first = TRUE)",2759636,100,10,0.02759636,Sorted
"plotly:::group2NA(Data, ""GroupA"", ""GroupB"", c(""X1"", ""X2"", ""X3""),      retrace.first = TRUE)",2725350,100,10,0.0272535,Sorted
"plotly:::group2NA(Data, ""GroupA"", ""GroupB"", ""GroupC"", retrace.first = TRUE)",2736461,100,10,0.02736461,Sorted
"plotly:::group2NA(Data, ""GroupA"", retrace.first = TRUE)",2684570,100,10,0.0268457,Sorted
"plotly:::group2NA(Data, ""GroupA"", ""GroupB"", c(""X1"", ""X2""), retrace.first = TRUE)",6100252,100,10,0.06100252,Sorted
"plotly:::group2NA(Data, ""GroupA"", ""GroupB"", retrace.first = TRUE)",2902814,100,10,0.02902814,Not Sorted
"plotly:::group2NA(Data, ""GroupA"", ""GroupB"", c(""X1"", ""X2""), retrace.first = TRUE)",7948886,1000,10,0.07948886,Sorted
"plotly:::group2NA(Data, ""GroupA"", ""GroupB"", ""X1"", retrace.first = TRUE)",4105240,1000,10,0.0410524,Sorted
"plotly:::group2NA(Data, ""GroupA"", retrace.first = TRUE)",6149047,1000,10,0.06149047,Sorted
"plotly:::group2NA(Data, ""GroupA"", ""GroupB"", ""X1"", retrace.first = TRUE)",7320318,1000,10,0.07320318,Sorted
"plotly:::group2NA(Data, ""GroupA"", ""GroupB"", retrace.first = TRUE)",2880195,1000,10,0.02880195,Not Sorted
"plotly:::group2NA(Data, ""GroupA"", retrace.first = TRUE)",5939685,1000,10,0.05939685,Sorted
"plotly:::group2NA(Data, ""GroupA"", ""GroupB"", c(""X1"", ""X2"", ""X3""),      retrace.first = TRUE)",5844358,1000,10,0.05844358,Sorted
"plotly:::group2NA(Data, ""GroupA"", ""GroupB"", c(""X1"", ""X2"", ""X3""),      retrace.first = TRUE)",4283428,1000,10,0.04283428,Sorted
"plotly:::group2NA(Data, ""GroupA"", ""GroupB"", c(""X1"", ""X2""), retrace.first = TRUE)",4189534,1000,10,0.04189534,Sorted
"plotly:::group2NA(Data, ""GroupA"", ""GroupB"", ""X1"", retrace.first = TRUE)",4089579,1000,10,0.04089579,Sorted
"plotly:::group2NA(Data, ""GroupA"", retrace.first = TRUE)",4346907,1000,10,0.04346907,Sorted
"plotly:::group2NA(Data, ""GroupA"", ""GroupB"", ""GroupC"", retrace.first = TRUE)",5279486,1000,10,0.05279486,Sorted
"plotly:::group2NA(Data, ""GroupA"", ""GroupB"", ""GroupC"", retrace.first = TRUE)",3853513,1000,10,0.03853513,Sorted
"plotly:::group2NA(Data, ""GroupA"", ""GroupB"", retrace.first = TRUE)",2806271,1000,10,0.02806271,Not Sorted
"plotly:::group2NA(Data, ""GroupA"", ""GroupB"", retrace.first = TRUE)",2786972,1000,10,0.02786972,Not Sorted
"plotly:::group2NA(Data, ""GroupA"", ""GroupB"", retrace.first = TRUE)",2840111,1000,10,0.02840111,Not Sorted
"plotly:::group2NA(Data, ""GroupA"", ""GroupB"", c(""X1"", ""X2""), retrace.first = TRUE)",7774436,1000,10,0.07774436,Sorted
"plotly:::group2NA(Data, ""GroupA"", ""GroupB"", retrace.first = TRUE)",2931585,1000,10,0.02931585,Not Sorted
"plotly:::group2NA(Data, ""GroupA"", ""GroupB"", c(""X1"", ""X2""), retrace.first = TRUE)",5085149,1000,10,0.05085149,Sorted
"plotly:::group2NA(Data, ""GroupA"", retrace.first = TRUE)",6157309,1000,10,0.06157309,Sorted
"plotly:::group2NA(Data, ""GroupA"", ""GroupB"", c(""X1"", ""X2""), retrace.first = TRUE)",8454323,1000,10,0.08454323,Sorted
"plotly:::group2NA(Data, ""GroupA"", retrace.first = TRUE)",6883906,1000,10,0.06883906,Sorted
"plotly:::group2NA(Data, ""GroupA"", ""GroupB"", ""GroupC"", retrace.first = TRUE)",8347408,1000,10,0.08347408,Sorted
"plotly:::group2NA(Data, ""GroupA"", ""GroupB"", c(""X1"", ""X2"", ""X3""),      retrace.first = TRUE)",9311644,1000,10,0.09311644,Sorted
"plotly:::group2NA(Data, ""GroupA"", ""GroupB"", c(""X1"", ""X2"", ""X3""),      retrace.first = TRUE)",6128389,1000,10,0.06128389,Sorted
"plotly:::group2NA(Data, ""GroupA"", ""GroupB"", ""GroupC"", retrace.first = TRUE)",8603996,1000,10,0.08603996,Sorted
"plotly:::group2NA(Data, ""GroupA"", ""GroupB"", ""X1"", retrace.first = TRUE)",9868829,1000,10,0.09868829,Sorted
"plotly:::group2NA(Data, ""GroupA"", ""GroupB"", ""X1"", retrace.first = TRUE)",5723965,1000,10,0.05723965,Sorted
"plotly:::group2NA(Data, ""GroupA"", ""GroupB"", ""GroupC"", retrace.first = TRUE)",8142767,1000,10,0.08142767,Sorted
"plotly:::group2NA(Data, ""GroupA"", ""GroupB"", c(""X1"", ""X2"", ""X3""),      retrace.first = TRUE)",8926115,1000,10,0.08926115,Sorted
"plotly:::group2NA(Data, ""GroupA"", retrace.first = TRUE)",6523225,1000,100,0.06523225,Sorted
"plotly:::group2NA(Data, ""GroupA"", ""GroupB"", retrace.first = TRUE)",6957788,1000,100,0.06957788,Not Sorted
"plotly:::group2NA(Data, ""GroupA"", ""GroupB"", ""GroupC"", retrace.first = TRUE)",7172194,1000,100,0.07172194,Sorted
"plotly:::group2NA(Data, ""GroupA"", ""GroupB"", ""X1"", retrace.first = TRUE)",5495108,1000,100,0.05495108,Sorted
"plotly:::group2NA(Data, ""GroupA"", ""GroupB"", c(""X1"", ""X2""), retrace.first = TRUE)",4318988,1000,100,0.04318988,Sorted
"plotly:::group2NA(Data, ""GroupA"", retrace.first = TRUE)",4171032,1000,100,0.04171032,Sorted
"plotly:::group2NA(Data, ""GroupA"", ""GroupB"", c(""X1"", ""X2""), retrace.first = TRUE)",7042531,1000,100,0.07042531,Sorted
"plotly:::group2NA(Data, ""GroupA"", ""GroupB"", c(""X1"", ""X2"", ""X3""),      retrace.first = TRUE)",4163560,1000,100,0.0416356,Sorted
"plotly:::group2NA(Data, ""GroupA"", ""GroupB"", ""X1"", retrace.first = TRUE)",4050309,1000,100,0.04050309,Sorted
"plotly:::group2NA(Data, ""GroupA"", retrace.first = TRUE)",5726804,1000,100,0.05726804,Sorted
"plotly:::group2NA(Data, ""GroupA"", ""GroupB"", ""GroupC"", retrace.first = TRUE)",6996487,1000,100,0.06996487,Sorted
"plotly:::group2NA(Data, ""GroupA"", ""GroupB"", c(""X1"", ""X2"", ""X3""),      retrace.first = TRUE)",7090387,1000,100,0.07090387,Sorted
"plotly:::group2NA(Data, ""GroupA"", retrace.first = TRUE)",5998319,1000,100,0.05998319,Sorted
"plotly:::group2NA(Data, ""GroupA"", ""GroupB"", c(""X1"", ""X2""), retrace.first = TRUE)",5716771,1000,100,0.05716771,Sorted
"plotly:::group2NA(Data, ""GroupA"", ""GroupB"", c(""X1"", ""X2""), retrace.first = TRUE)",4287360,1000,100,0.0428736,Sorted
"plotly:::group2NA(Data, ""GroupA"", ""GroupB"", retrace.first = TRUE)",4130267,1000,100,0.04130267,Not Sorted
"plotly:::group2NA(Data, ""GroupA"", ""GroupB"", ""GroupC"", retrace.first = TRUE)",7311882,1000,100,0.07311882,Sorted
"plotly:::group2NA(Data, ""GroupA"", ""GroupB"", ""X1"", retrace.first = TRUE)",5937739,1000,100,0.05937739,Sorted
"plotly:::group2NA(Data, ""GroupA"", ""GroupB"", ""X1"", retrace.first = TRUE)",4521697,1000,100,0.04521697,Sorted
"plotly:::group2NA(Data, ""GroupA"", retrace.first = TRUE)",6261286,1000,100,0.06261286,Sorted
"plotly:::group2NA(Data, ""GroupA"", ""GroupB"", ""GroupC"", retrace.first = TRUE)",7766744,1000,100,0.07766744,Sorted
"plotly:::group2NA(Data, ""GroupA"", ""GroupB"", c(""X1"", ""X2"", ""X3""),      retrace.first = TRUE)",8010107,1000,100,0.08010107,Sorted
"plotly:::group2NA(Data, ""GroupA"", ""GroupB"", ""X1"", retrace.first = TRUE)",4806866,1000,100,0.04806866,Sorted
"plotly:::group2NA(Data, ""GroupA"", ""GroupB"", retrace.first = TRUE)",4642260,1000,100,0.0464226,Not Sorted
"plotly:::group2NA(Data, ""GroupA"", ""GroupB"", c(""X1"", ""X2"", ""X3""),      retrace.first = TRUE)",4822807,1000,100,0.04822807,Sorted
"plotly:::group2NA(Data, ""GroupA"", ""GroupB"", retrace.first = TRUE)",4514132,1000,100,0.04514132,Not Sorted
"plotly:::group2NA(Data, ""GroupA"", ""GroupB"", c(""X1"", ""X2"", ""X3""),      retrace.first = TRUE)",5085057,1000,100,0.05085057,Sorted
"plotly:::group2NA(Data, ""GroupA"", ""GroupB"", ""GroupC"", retrace.first = TRUE)",7986283,1000,100,0.07986283,Sorted
"plotly:::group2NA(Data, ""GroupA"", ""GroupB"", c(""X1"", ""X2""), retrace.first = TRUE)",8133531,1000,100,0.08133531,Sorted
"plotly:::group2NA(Data, ""GroupA"", ""GroupB"", retrace.first = TRUE)",4577516,1000,100,0.04577516,Not Sorted
"plotly:::group2NA(Data, ""GroupA"", ""GroupB"", c(""X1"", ""X2""), retrace.first = TRUE)",22501780,10000,10,0.2250178,Sorted
"plotly:::group2NA(Data, ""GroupA"", ""GroupB"", ""GroupC"", retrace.first = TRUE)",8731463,10000,10,0.08731463,Sorted
"plotly:::group2NA(Data, ""GroupA"", ""GroupB"", retrace.first = TRUE)",3587069,10000,10,0.03587069,Not Sorted
"plotly:::group2NA(Data, ""GroupA"", ""GroupB"", c(""X1"", ""X2"", ""X3""),      retrace.first = TRUE)",21309070,10000,10,0.2130907,Sorted
"plotly:::group2NA(Data, ""GroupA"", ""GroupB"", ""X1"", retrace.first = TRUE)",18592085,10000,10,0.18592085,Sorted
"plotly:::group2NA(Data, ""GroupA"", ""GroupB"", ""X1"", retrace.first = TRUE)",21816627,10000,10,0.21816627,Sorted
"plotly:::group2NA(Data, ""GroupA"", ""GroupB"", retrace.first = TRUE)",4103870,10000,10,0.0410387,Not Sorted
"plotly:::group2NA(Data, ""GroupA"", ""GroupB"", retrace.first = TRUE)",4304951,10000,10,0.04304951,Not Sorted
"plotly:::group2NA(Data, ""GroupA"", retrace.first = TRUE)",5767623,10000,10,0.05767623,Sorted
"plotly:::group2NA(Data, ""GroupA"", ""GroupB"", ""X1"", retrace.first = TRUE)",22871399,10000,10,0.22871399,Sorted
"plotly:::group2NA(Data, ""GroupA"", ""GroupB"", retrace.first = TRUE)",3512408,10000,10,0.03512408,Not Sorted
"plotly:::group2NA(Data, ""GroupA"", ""GroupB"", ""GroupC"", retrace.first = TRUE)",8502522,10000,10,0.08502522,Sorted
"plotly:::group2NA(Data, ""GroupA"", ""GroupB"", c(""X1"", ""X2""), retrace.first = TRUE)",22433748,10000,10,0.22433748,Sorted
"plotly:::group2NA(Data, ""GroupA"", ""GroupB"", ""GroupC"", retrace.first = TRUE)",7449152,10000,10,0.07449152,Sorted
"plotly:::group2NA(Data, ""GroupA"", ""GroupB"", ""X1"", retrace.first = TRUE)",19615564,10000,10,0.19615564,Sorted
"plotly:::group2NA(Data, ""GroupA"", ""GroupB"", c(""X1"", ""X2"", ""X3""),      retrace.first = TRUE)",17622228,10000,10,0.17622228,Sorted
"plotly:::group2NA(Data, ""GroupA"", retrace.first = TRUE)",5005671,10000,10,0.05005671,Sorted
"plotly:::group2NA(Data, ""GroupA"", ""GroupB"", c(""X1"", ""X2"", ""X3""),      retrace.first = TRUE)",21781253,10000,10,0.21781253,Sorted
"plotly:::group2NA(Data, ""GroupA"", ""GroupB"", c(""X1"", ""X2""), retrace.first = TRUE)",16914584,10000,10,0.16914584,Sorted
"plotly:::group2NA(Data, ""GroupA"", retrace.first = TRUE)",6543887,10000,10,0.06543887,Sorted
"plotly:::group2NA(Data, ""GroupA"", ""GroupB"", c(""X1"", ""X2""), retrace.first = TRUE)",20283443,10000,10,0.20283443,Sorted
"plotly:::group2NA(Data, ""GroupA"", ""GroupB"", retrace.first = TRUE)",3576734,10000,10,0.03576734,Not Sorted
"plotly:::group2NA(Data, ""GroupA"", ""GroupB"", c(""X1"", ""X2"", ""X3""),      retrace.first = TRUE)",19228710,10000,10,0.1922871,Sorted
"plotly:::group2NA(Data, ""GroupA"", ""GroupB"", ""GroupC"", retrace.first = TRUE)",8867442,10000,10,0.08867442,Sorted
"plotly:::group2NA(Data, ""GroupA"", ""GroupB"", c(""X1"", ""X2""), retrace.first = TRUE)",23815992,10000,10,0.23815992,Sorted
"plotly:::group2NA(Data, ""GroupA"", ""GroupB"", c(""X1"", ""X2"", ""X3""),      retrace.first = TRUE)",16488583,10000,10,0.16488583,Sorted
"plotly:::group2NA(Data, ""GroupA"", ""GroupB"", ""GroupC"", retrace.first = TRUE)",8530541,10000,10,0.08530541,Sorted
"plotly:::group2NA(Data, ""GroupA"", retrace.first = TRUE)",6283276,10000,10,0.06283276,Sorted
"plotly:::group2NA(Data, ""GroupA"", ""GroupB"", ""X1"", retrace.first = TRUE)",19875785,10000,10,0.19875785,Sorted
"plotly:::group2NA(Data, ""GroupA"", retrace.first = TRUE)",6242722,10000,10,0.06242722,Sorted
"plotly:::group2NA(Data, ""GroupA"", ""GroupB"", c(""X1"", ""X2""), retrace.first = TRUE)",23706171,10000,100,0.23706171,Sorted
"plotly:::group2NA(Data, ""GroupA"", ""GroupB"", retrace.first = TRUE)",13043628,10000,100,0.13043628,Not Sorted
"plotly:::group2NA(Data, ""GroupA"", retrace.first = TRUE)",7218225,10000,100,0.07218225,Sorted
"plotly:::group2NA(Data, ""GroupA"", retrace.first = TRUE)",3673736,10000,100,0.03673736,Sorted
"plotly:::group2NA(Data, ""GroupA"", ""GroupB"", ""GroupC"", retrace.first = TRUE)",21300088,10000,100,0.21300088,Sorted
"plotly:::group2NA(Data, ""GroupA"", retrace.first = TRUE)",7456644,10000,100,0.07456644,Sorted
"plotly:::group2NA(Data, ""GroupA"", retrace.first = TRUE)",3911556,10000,100,0.03911556,Sorted
"plotly:::group2NA(Data, ""GroupA"", retrace.first = TRUE)",3594016,10000,100,0.03594016,Sorted
"plotly:::group2NA(Data, ""GroupA"", ""GroupB"", retrace.first = TRUE)",18400360,10000,100,0.1840036,Not Sorted
"plotly:::group2NA(Data, ""GroupA"", ""GroupB"", ""X1"", retrace.first = TRUE)",26552466,10000,100,0.26552466,Sorted
"plotly:::group2NA(Data, ""GroupA"", ""GroupB"", ""X1"", retrace.first = TRUE)",17461983,10000,100,0.17461983,Sorted
"plotly:::group2NA(Data, ""GroupA"", ""GroupB"", ""GroupC"", retrace.first = TRUE)",20541190,10000,100,0.2054119,Sorted
"plotly:::group2NA(Data, ""GroupA"", ""GroupB"", c(""X1"", ""X2"", ""X3""),      retrace.first = TRUE)",22317655,10000,100,0.22317655,Sorted
"plotly:::group2NA(Data, ""GroupA"", ""GroupB"", retrace.first = TRUE)",13578981,10000,100,0.13578981,Not Sorted
"plotly:::group2NA(Data, ""GroupA"", ""GroupB"", ""GroupC"", retrace.first = TRUE)",23596041,10000,100,0.23596041,Sorted
"plotly:::group2NA(Data, ""GroupA"", ""GroupB"", c(""X1"", ""X2"", ""X3""),      retrace.first = TRUE)",21371793,10000,100,0.21371793,Sorted
"plotly:::group2NA(Data, ""GroupA"", ""GroupB"", c(""X1"", ""X2"", ""X3""),      retrace.first = TRUE)",17551774,10000,100,0.17551774,Sorted
"plotly:::group2NA(Data, ""GroupA"", ""GroupB"", c(""X1"", ""X2""), retrace.first = TRUE)",19031156,10000,100,0.19031156,Sorted
"plotly:::group2NA(Data, ""GroupA"", ""GroupB"", c(""X1"", ""X2""), retrace.first = TRUE)",25123455,10000,100,0.25123455,Sorted
"plotly:::group2NA(Data, ""GroupA"", ""GroupB"", ""GroupC"", retrace.first = TRUE)",22839197,10000,100,0.22839197,Sorted
"plotly:::group2NA(Data, ""GroupA"", ""GroupB"", c(""X1"", ""X2"", ""X3""),      retrace.first = TRUE)",21134930,10000,100,0.2113493,Sorted
"plotly:::group2NA(Data, ""GroupA"", ""GroupB"", ""GroupC"", retrace.first = TRUE)",20415073,10000,100,0.20415073,Sorted
"plotly:::group2NA(Data, ""GroupA"", ""GroupB"", ""X1"", retrace.first = TRUE)",21826284,10000,100,0.21826284,Sorted
"plotly:::group2NA(Data, ""GroupA"", ""GroupB"", c(""X1"", ""X2"", ""X3""),      retrace.first = TRUE)",19809414,10000,100,0.19809414,Sorted
"plotly:::group2NA(Data, ""GroupA"", ""GroupB"", retrace.first = TRUE)",14519511,10000,100,0.14519511,Not Sorted
"plotly:::group2NA(Data, ""GroupA"", ""GroupB"", c(""X1"", ""X2""), retrace.first = TRUE)",17515096,10000,100,0.17515096,Sorted
"plotly:::group2NA(Data, ""GroupA"", ""GroupB"", retrace.first = TRUE)",12272622,10000,100,0.12272622,Not Sorted
"plotly:::group2NA(Data, ""GroupA"", ""GroupB"", ""X1"", retrace.first = TRUE)",18010963,10000,100,0.18010963,Sorted
"plotly:::group2NA(Data, ""GroupA"", ""GroupB"", c(""X1"", ""X2""), retrace.first = TRUE)",18773547,10000,100,0.18773547,Sorted
"plotly:::group2NA(Data, ""GroupA"", ""GroupB"", ""X1"", retrace.first = TRUE)",21416023,10000,100,0.21416023,Sorted
"plotly:::group2NA(Data, ""GroupA"", ""GroupB"", c(""X1"", ""X2"", ""X3""),      retrace.first = TRUE)",26713869,10000,1000,0.26713869,Sorted
"plotly:::group2NA(Data, ""GroupA"", ""GroupB"", ""X1"", retrace.first = TRUE)",22765945,10000,1000,0.22765945,Sorted
"plotly:::group2NA(Data, ""GroupA"", retrace.first = TRUE)",8778605,10000,1000,0.08778605,Sorted
"plotly:::group2NA(Data, ""GroupA"", ""GroupB"", c(""X1"", ""X2""), retrace.first = TRUE)",23746282,10000,1000,0.23746282,Sorted
"plotly:::group2NA(Data, ""GroupA"", ""GroupB"", ""X1"", retrace.first = TRUE)",21324147,10000,1000,0.21324147,Sorted
"plotly:::group2NA(Data, ""GroupA"", retrace.first = TRUE)",7628108,10000,1000,0.07628108,Sorted
"plotly:::group2NA(Data, ""GroupA"", ""GroupB"", ""X1"", retrace.first = TRUE)",28309601,10000,1000,0.28309601,Sorted
"plotly:::group2NA(Data, ""GroupA"", ""GroupB"", retrace.first = TRUE)",17567769,10000,1000,0.17567769,Not Sorted
"plotly:::group2NA(Data, ""GroupA"", ""GroupB"", c(""X1"", ""X2"", ""X3""),      retrace.first = TRUE)",18485934,10000,1000,0.18485934,Sorted
"plotly:::group2NA(Data, ""GroupA"", ""GroupB"", c(""X1"", ""X2"", ""X3""),      retrace.first = TRUE)",20880048,10000,1000,0.20880048,Sorted
"plotly:::group2NA(Data, ""GroupA"", ""GroupB"", ""GroupC"", retrace.first = TRUE)",27231787,10000,1000,0.27231787,Sorted
"plotly:::group2NA(Data, ""GroupA"", ""GroupB"", retrace.first = TRUE)",16923423,10000,1000,0.16923423,Not Sorted
"plotly:::group2NA(Data, ""GroupA"", ""GroupB"", ""GroupC"", retrace.first = TRUE)",17589707,10000,1000,0.17589707,Sorted
"plotly:::group2NA(Data, ""GroupA"", ""GroupB"", c(""X1"", ""X2""), retrace.first = TRUE)",22090543,10000,1000,0.22090543,Sorted
"plotly:::group2NA(Data, ""GroupA"", ""GroupB"", ""GroupC"", retrace.first = TRUE)",21597288,10000,1000,0.21597288,Sorted
"plotly:::group2NA(Data, ""GroupA"", ""GroupB"", ""GroupC"", retrace.first = TRUE)",19762806,10000,1000,0.19762806,Sorted
"plotly:::group2NA(Data, ""GroupA"", retrace.first = TRUE)",8595759,10000,1000,0.08595759,Sorted
"plotly:::group2NA(Data, ""GroupA"", ""GroupB"", c(""X1"", ""X2"", ""X3""),      retrace.first = TRUE)",21518557,10000,1000,0.21518557,Sorted
"plotly:::group2NA(Data, ""GroupA"", ""GroupB"", retrace.first = TRUE)",16884729,10000,1000,0.16884729,Not Sorted
"plotly:::group2NA(Data, ""GroupA"", ""GroupB"", ""GroupC"", retrace.first = TRUE)",21714418,10000,1000,0.21714418,Sorted
"plotly:::group2NA(Data, ""GroupA"", ""GroupB"", retrace.first = TRUE)",18958156,10000,1000,0.18958156,Not Sorted
"plotly:::group2NA(Data, ""GroupA"", retrace.first = TRUE)",10990473,10000,1000,0.10990473,Sorted
"plotly:::group2NA(Data, ""GroupA"", ""GroupB"", retrace.first = TRUE)",20117309,10000,1000,0.20117309,Not Sorted
"plotly:::group2NA(Data, ""GroupA"", ""GroupB"", ""X1"", retrace.first = TRUE)",20561166,10000,1000,0.20561166,Sorted
"plotly:::group2NA(Data, ""GroupA"", ""GroupB"", c(""X1"", ""X2""), retrace.first = TRUE)",18469884,10000,1000,0.18469884,Sorted
"plotly:::group2NA(Data, ""GroupA"", ""GroupB"", c(""X1"", ""X2""), retrace.first = TRUE)",18422475,10000,1000,0.18422475,Sorted
"plotly:::group2NA(Data, ""GroupA"", ""GroupB"", c(""X1"", ""X2""), retrace.first = TRUE)",21276674,10000,1000,0.21276674,Sorted
"plotly:::group2NA(Data, ""GroupA"", ""GroupB"", ""X1"", retrace.first = TRUE)",17351475,10000,1000,0.17351475,Sorted
"plotly:::group2NA(Data, ""GroupA"", retrace.first = TRUE)",8329901,10000,1000,0.08329901,Sorted
"plotly:::group2NA(Data, ""GroupA"", ""GroupB"", c(""X1"", ""X2"", ""X3""),      retrace.first = TRUE)",21215487,10000,1000,0.21215487,Sorted
"plotly:::group2NA(Data, ""GroupA"", ""GroupB"", c(""X1"", ""X2"", ""X3""),      retrace.first = TRUE)",180028165,1e+05,10,1.80028165,Sorted
"plotly:::group2NA(Data, ""GroupA"", retrace.first = TRUE)",15009450,1e+05,10,0.1500945,Sorted
"plotly:::group2NA(Data, ""GroupA"", ""GroupB"", c(""X1"", ""X2"", ""X3""),      retrace.first = TRUE)",174249074,1e+05,10,1.74249074,Sorted
"plotly:::group2NA(Data, ""GroupA"", retrace.first = TRUE)",15170000,1e+05,10,0.1517,Sorted
"plotly:::group2NA(Data, ""GroupA"", ""GroupB"", c(""X1"", ""X2""), retrace.first = TRUE)",168918131,1e+05,10,1.68918131,Sorted
"plotly:::group2NA(Data, ""GroupA"", ""GroupB"", ""X1"", retrace.first = TRUE)",160461369,1e+05,10,1.60461369,Sorted
"plotly:::group2NA(Data, ""GroupA"", ""GroupB"", retrace.first = TRUE)",12775771,1e+05,10,0.12775771,Not Sorted
"plotly:::group2NA(Data, ""GroupA"", ""GroupB"", ""GroupC"", retrace.first = TRUE)",22698356,1e+05,10,0.22698356,Sorted
"plotly:::group2NA(Data, ""GroupA"", retrace.first = TRUE)",16531903,1e+05,10,0.16531903,Sorted
"plotly:::group2NA(Data, ""GroupA"", ""GroupB"", ""GroupC"", retrace.first = TRUE)",21446606,1e+05,10,0.21446606,Sorted
"plotly:::group2NA(Data, ""GroupA"", ""GroupB"", c(""X1"", ""X2"", ""X3""),      retrace.first = TRUE)",210902797,1e+05,10,2.10902797,Sorted
"plotly:::group2NA(Data, ""GroupA"", ""GroupB"", c(""X1"", ""X2""), retrace.first = TRUE)",176906996,1e+05,10,1.76906996,Sorted
"plotly:::group2NA(Data, ""GroupA"", ""GroupB"", c(""X1"", ""X2""), retrace.first = TRUE)",249478255,1e+05,10,2.49478255,Sorted
"plotly:::group2NA(Data, ""GroupA"", ""GroupB"", retrace.first = TRUE)",10108909,1e+05,10,0.10108909,Not Sorted
"plotly:::group2NA(Data, ""GroupA"", ""GroupB"", c(""X1"", ""X2"", ""X3""),      retrace.first = TRUE)",163456541,1e+05,10,1.63456541,Sorted
"plotly:::group2NA(Data, ""GroupA"", ""GroupB"", ""GroupC"", retrace.first = TRUE)",17353027,1e+05,10,0.17353027,Sorted
"plotly:::group2NA(Data, ""GroupA"", retrace.first = TRUE)",13759988,1e+05,10,0.13759988,Sorted
"plotly:::group2NA(Data, ""GroupA"", ""GroupB"", c(""X1"", ""X2""), retrace.first = TRUE)",159237380,1e+05,10,1.5923738,Sorted
"plotly:::group2NA(Data, ""GroupA"", ""GroupB"", ""X1"", retrace.first = TRUE)",147565791,1e+05,10,1.47565791,Sorted
"plotly:::group2NA(Data, ""GroupA"", ""GroupB"", ""GroupC"", retrace.first = TRUE)",16476517,1e+05,10,0.16476517,Sorted
"plotly:::group2NA(Data, ""GroupA"", ""GroupB"", ""X1"", retrace.first = TRUE)",151813620,1e+05,10,1.5181362,Sorted
"plotly:::group2NA(Data, ""GroupA"", retrace.first = TRUE)",12971831,1e+05,10,0.12971831,Sorted
"plotly:::group2NA(Data, ""GroupA"", ""GroupB"", retrace.first = TRUE)",13885211,1e+05,10,0.13885211,Not Sorted
"plotly:::group2NA(Data, ""GroupA"", ""GroupB"", ""X1"", retrace.first = TRUE)",146574666,1e+05,10,1.46574666,Sorted
"plotly:::group2NA(Data, ""GroupA"", ""GroupB"", retrace.first = TRUE)",9645301,1e+05,10,0.09645301,Not Sorted
"plotly:::group2NA(Data, ""GroupA"", ""GroupB"", ""X1"", retrace.first = TRUE)",153016761,1e+05,10,1.53016761,Sorted
"plotly:::group2NA(Data, ""GroupA"", ""GroupB"", c(""X1"", ""X2"", ""X3""),      retrace.first = TRUE)",168360837,1e+05,10,1.68360837,Sorted
"plotly:::group2NA(Data, ""GroupA"", ""GroupB"", ""GroupC"", retrace.first = TRUE)",17242796,1e+05,10,0.17242796,Sorted
"plotly:::group2NA(Data, ""GroupA"", ""GroupB"", retrace.first = TRUE)",14603524,1e+05,10,0.14603524,Not Sorted
"plotly:::group2NA(Data, ""GroupA"", ""GroupB"", c(""X1"", ""X2""), retrace.first = TRUE)",169171386,1e+05,10,1.69171386,Sorted
"plotly:::group2NA(Data, ""GroupA"", ""GroupB"", c(""X1"", ""X2"", ""X3""),      retrace.first = TRUE)",166247347,1e+05,100,1.66247347,Sorted
"plotly:::group2NA(Data, ""GroupA"", ""GroupB"", c(""X1"", ""X2"", ""X3""),      retrace.first = TRUE)",162284443,1e+05,100,1.62284443,Sorted
"plotly:::group2NA(Data, ""GroupA"", ""GroupB"", retrace.first = TRUE)",27976796,1e+05,100,0.27976796,Not Sorted
"plotly:::group2NA(Data, ""GroupA"", ""GroupB"", ""GroupC"", retrace.first = TRUE)",156005990,1e+05,100,1.5600599,Sorted
"plotly:::group2NA(Data, ""GroupA"", ""GroupB"", retrace.first = TRUE)",28356511,1e+05,100,0.28356511,Not Sorted
"plotly:::group2NA(Data, ""GroupA"", ""GroupB"", c(""X1"", ""X2""), retrace.first = TRUE)",183965044,1e+05,100,1.83965044,Sorted
"plotly:::group2NA(Data, ""GroupA"", ""GroupB"", c(""X1"", ""X2"", ""X3""),      retrace.first = TRUE)",160189016,1e+05,100,1.60189016,Sorted
"plotly:::group2NA(Data, ""GroupA"", ""GroupB"", ""GroupC"", retrace.first = TRUE)",152325790,1e+05,100,1.5232579,Sorted
"plotly:::group2NA(Data, ""GroupA"", ""GroupB"", c(""X1"", ""X2""), retrace.first = TRUE)",170388958,1e+05,100,1.70388958,Sorted
"plotly:::group2NA(Data, ""GroupA"", ""GroupB"", ""X1"", retrace.first = TRUE)",162590296,1e+05,100,1.62590296,Sorted
"plotly:::group2NA(Data, ""GroupA"", retrace.first = TRUE)",16800435,1e+05,100,0.16800435,Sorted
"plotly:::group2NA(Data, ""GroupA"", ""GroupB"", ""X1"", retrace.first = TRUE)",164498238,1e+05,100,1.64498238,Sorted
"plotly:::group2NA(Data, ""GroupA"", retrace.first = TRUE)",16231541,1e+05,100,0.16231541,Sorted
"plotly:::group2NA(Data, ""GroupA"", ""GroupB"", c(""X1"", ""X2""), retrace.first = TRUE)",169741447,1e+05,100,1.69741447,Sorted
"plotly:::group2NA(Data, ""GroupA"", ""GroupB"", ""X1"", retrace.first = TRUE)",159427258,1e+05,100,1.59427258,Sorted
"plotly:::group2NA(Data, ""GroupA"", ""GroupB"", ""X1"", retrace.first = TRUE)",149394136,1e+05,100,1.49394136,Sorted
"plotly:::group2NA(Data, ""GroupA"", ""GroupB"", ""GroupC"", retrace.first = TRUE)",146538678,1e+05,100,1.46538678,Sorted
"plotly:::group2NA(Data, ""GroupA"", ""GroupB"", c(""X1"", ""X2"", ""X3""),      retrace.first = TRUE)",153411924,1e+05,100,1.53411924,Sorted
"plotly:::group2NA(Data, ""GroupA"", ""GroupB"", ""GroupC"", retrace.first = TRUE)",137696301,1e+05,100,1.37696301,Sorted
"plotly:::group2NA(Data, ""GroupA"", retrace.first = TRUE)",10165651,1e+05,100,0.10165651,Sorted
"plotly:::group2NA(Data, ""GroupA"", retrace.first = TRUE)",8775566,1e+05,100,0.08775566,Sorted
"plotly:::group2NA(Data, ""GroupA"", ""GroupB"", ""GroupC"", retrace.first = TRUE)",144234876,1e+05,100,1.44234876,Sorted
"plotly:::group2NA(Data, ""GroupA"", ""GroupB"", c(""X1"", ""X2""), retrace.first = TRUE)",158282803,1e+05,100,1.58282803,Sorted
"plotly:::group2NA(Data, ""GroupA"", ""GroupB"", retrace.first = TRUE)",25891575,1e+05,100,0.25891575,Not Sorted
"plotly:::group2NA(Data, ""GroupA"", ""GroupB"", retrace.first = TRUE)",27277633,1e+05,100,0.27277633,Not Sorted
"plotly:::group2NA(Data, ""GroupA"", ""GroupB"", ""X1"", retrace.first = TRUE)",151158131,1e+05,100,1.51158131,Sorted
"plotly:::group2NA(Data, ""GroupA"", retrace.first = TRUE)",10838139,1e+05,100,0.10838139,Sorted
"plotly:::group2NA(Data, ""GroupA"", ""GroupB"", c(""X1"", ""X2""), retrace.first = TRUE)",156275034,1e+05,100,1.56275034,Sorted
"plotly:::group2NA(Data, ""GroupA"", ""GroupB"", c(""X1"", ""X2"", ""X3""),      retrace.first = TRUE)",154835370,1e+05,100,1.5483537,Sorted
"plotly:::group2NA(Data, ""GroupA"", ""GroupB"", retrace.first = TRUE)",26608539,1e+05,100,0.26608539,Not Sorted
"plotly:::group2NA(Data, ""GroupA"", ""GroupB"", ""GroupC"", retrace.first = TRUE)",161633653,1e+05,1000,1.61633653,Sorted
"plotly:::group2NA(Data, ""GroupA"", ""GroupB"", c(""X1"", ""X2"", ""X3""),      retrace.first = TRUE)",155086745,1e+05,1000,1.55086745,Sorted
"plotly:::group2NA(Data, ""GroupA"", ""GroupB"", ""GroupC"", retrace.first = TRUE)",148807061,1e+05,1000,1.48807061,Sorted
"plotly:::group2NA(Data, ""GroupA"", ""GroupB"", ""X1"", retrace.first = TRUE)",147749635,1e+05,1000,1.47749635,Sorted
"plotly:::group2NA(Data, ""GroupA"", ""GroupB"", retrace.first = TRUE)",134014957,1e+05,1000,1.34014957,Not Sorted
"plotly:::group2NA(Data, ""GroupA"", ""GroupB"", ""X1"", retrace.first = TRUE)",147945109,1e+05,1000,1.47945109,Sorted
"plotly:::group2NA(Data, ""GroupA"", ""GroupB"", ""GroupC"", retrace.first = TRUE)",148025441,1e+05,1000,1.48025441,Sorted
"plotly:::group2NA(Data, ""GroupA"", ""GroupB"", c(""X1"", ""X2"", ""X3""),      retrace.first = TRUE)",151725490,1e+05,1000,1.5172549,Sorted
"plotly:::group2NA(Data, ""GroupA"", ""GroupB"", c(""X1"", ""X2"", ""X3""),      retrace.first = TRUE)",149456886,1e+05,1000,1.49456886,Sorted
"plotly:::group2NA(Data, ""GroupA"", retrace.first = TRUE)",14729712,1e+05,1000,0.14729712,Sorted
"plotly:::group2NA(Data, ""GroupA"", retrace.first = TRUE)",9680255,1e+05,1000,0.09680255,Sorted
"plotly:::group2NA(Data, ""GroupA"", ""GroupB"", c(""X1"", ""X2""), retrace.first = TRUE)",163440170,1e+05,1000,1.6344017,Sorted
"plotly:::group2NA(Data, ""GroupA"", ""GroupB"", c(""X1"", ""X2"", ""X3""),      retrace.first = TRUE)",164810447,1e+05,1000,1.64810447,Sorted
"plotly:::group2NA(Data, ""GroupA"", retrace.first = TRUE)",13122840,1e+05,1000,0.1312284,Sorted
"plotly:::group2NA(Data, ""GroupA"", retrace.first = TRUE)",10520750,1e+05,1000,0.1052075,Sorted
"plotly:::group2NA(Data, ""GroupA"", ""GroupB"", retrace.first = TRUE)",148826638,1e+05,1000,1.48826638,Not Sorted
"plotly:::group2NA(Data, ""GroupA"", ""GroupB"", c(""X1"", ""X2""), retrace.first = TRUE)",154419595,1e+05,1000,1.54419595,Sorted
"plotly:::group2NA(Data, ""GroupA"", ""GroupB"", retrace.first = TRUE)",138873190,1e+05,1000,1.3887319,Not Sorted
"plotly:::group2NA(Data, ""GroupA"", ""GroupB"", c(""X1"", ""X2""), retrace.first = TRUE)",154066095,1e+05,1000,1.54066095,Sorted
"plotly:::group2NA(Data, ""GroupA"", ""GroupB"", c(""X1"", ""X2"", ""X3""),      retrace.first = TRUE)",162041107,1e+05,1000,1.62041107,Sorted
"plotly:::group2NA(Data, ""GroupA"", ""GroupB"", retrace.first = TRUE)",138637007,1e+05,1000,1.38637007,Not Sorted
"plotly:::group2NA(Data, ""GroupA"", ""GroupB"", ""X1"", retrace.first = TRUE)",147217987,1e+05,1000,1.47217987,Sorted
"plotly:::group2NA(Data, ""GroupA"", ""GroupB"", retrace.first = TRUE)",137990123,1e+05,1000,1.37990123,Not Sorted
"plotly:::group2NA(Data, ""GroupA"", retrace.first = TRUE)",12889135,1e+05,1000,0.12889135,Sorted
"plotly:::group2NA(Data, ""GroupA"", ""GroupB"", c(""X1"", ""X2""), retrace.first = TRUE)",148884138,1e+05,1000,1.48884138,Sorted
"plotly:::group2NA(Data, ""GroupA"", ""GroupB"", ""X1"", retrace.first = TRUE)",148194625,1e+05,1000,1.48194625,Sorted
"plotly:::group2NA(Data, ""GroupA"", ""GroupB"", ""GroupC"", retrace.first = TRUE)",152099087,1e+05,1000,1.52099087,Sorted
"plotly:::group2NA(Data, ""GroupA"", ""GroupB"", ""X1"", retrace.first = TRUE)",141568916,1e+05,1000,1.41568916,Sorted
"plotly:::group2NA(Data, ""GroupA"", ""GroupB"", ""GroupC"", retrace.first = TRUE)",152556486,1e+05,1000,1.52556486,Sorted
"plotly:::group2NA(Data, ""GroupA"", ""GroupB"", c(""X1"", ""X2""), retrace.first = TRUE)",156388946,1e+05,1000,1.56388946,Sorted
"plotly:::group2NA(Data, ""GroupA"", ""GroupB"", c(""X1"", ""X2""), retrace.first = TRUE)",163924535,1e+05,10000,1.63924535,Sorted
"plotly:::group2NA(Data, ""GroupA"", ""GroupB"", retrace.first = TRUE)",138531565,1e+05,10000,1.38531565,Not Sorted
"plotly:::group2NA(Data, ""GroupA"", ""GroupB"", c(""X1"", ""X2"", ""X3""),      retrace.first = TRUE)",176371285,1e+05,10000,1.76371285,Sorted
"plotly:::group2NA(Data, ""GroupA"", retrace.first = TRUE)",26050972,1e+05,10000,0.26050972,Sorted
"plotly:::group2NA(Data, ""GroupA"", ""GroupB"", retrace.first = TRUE)",146080532,1e+05,10000,1.46080532,Not Sorted
"plotly:::group2NA(Data, ""GroupA"", ""GroupB"", c(""X1"", ""X2""), retrace.first = TRUE)",155040269,1e+05,10000,1.55040269,Sorted
"plotly:::group2NA(Data, ""GroupA"", ""GroupB"", ""X1"", retrace.first = TRUE)",234891709,1e+05,10000,2.34891709,Sorted
"plotly:::group2NA(Data, ""GroupA"", ""GroupB"", ""GroupC"", retrace.first = TRUE)",143923393,1e+05,10000,1.43923393,Sorted
"plotly:::group2NA(Data, ""GroupA"", ""GroupB"", ""GroupC"", retrace.first = TRUE)",143882566,1e+05,10000,1.43882566,Sorted
"plotly:::group2NA(Data, ""GroupA"", ""GroupB"", ""X1"", retrace.first = TRUE)",149073780,1e+05,10000,1.4907378,Sorted
"plotly:::group2NA(Data, ""GroupA"", retrace.first = TRUE)",26411191,1e+05,10000,0.26411191,Sorted
"plotly:::group2NA(Data, ""GroupA"", ""GroupB"", ""X1"", retrace.first = TRUE)",147301158,1e+05,10000,1.47301158,Sorted
"plotly:::group2NA(Data, ""GroupA"", ""GroupB"", ""X1"", retrace.first = TRUE)",143174920,1e+05,10000,1.4317492,Sorted
"plotly:::group2NA(Data, ""GroupA"", retrace.first = TRUE)",25896792,1e+05,10000,0.25896792,Sorted
"plotly:::group2NA(Data, ""GroupA"", ""GroupB"", ""X1"", retrace.first = TRUE)",145180890,1e+05,10000,1.4518089,Sorted
"plotly:::group2NA(Data, ""GroupA"", ""GroupB"", ""GroupC"", retrace.first = TRUE)",144145451,1e+05,10000,1.44145451,Sorted
"plotly:::group2NA(Data, ""GroupA"", retrace.first = TRUE)",30020001,1e+05,10000,0.30020001,Sorted
"plotly:::group2NA(Data, ""GroupA"", ""GroupB"", c(""X1"", ""X2"", ""X3""),      retrace.first = TRUE)",151418410,1e+05,10000,1.5141841,Sorted
"plotly:::group2NA(Data, ""GroupA"", retrace.first = TRUE)",27347408,1e+05,10000,0.27347408,Sorted
"plotly:::group2NA(Data, ""GroupA"", ""GroupB"", c(""X1"", ""X2"", ""X3""),      retrace.first = TRUE)",161371605,1e+05,10000,1.61371605,Sorted
"plotly:::group2NA(Data, ""GroupA"", ""GroupB"", retrace.first = TRUE)",147264608,1e+05,10000,1.47264608,Not Sorted
"plotly:::group2NA(Data, ""GroupA"", ""GroupB"", c(""X1"", ""X2"", ""X3""),      retrace.first = TRUE)",156450692,1e+05,10000,1.56450692,Sorted
"plotly:::group2NA(Data, ""GroupA"", ""GroupB"", c(""X1"", ""X2""), retrace.first = TRUE)",155076559,1e+05,10000,1.55076559,Sorted
"plotly:::group2NA(Data, ""GroupA"", ""GroupB"", ""GroupC"", retrace.first = TRUE)",149045995,1e+05,10000,1.49045995,Sorted
"plotly:::group2NA(Data, ""GroupA"", ""GroupB"", retrace.first = TRUE)",151934655,1e+05,10000,1.51934655,Not Sorted
"plotly:::group2NA(Data, ""GroupA"", ""GroupB"", ""GroupC"", retrace.first = TRUE)",150719080,1e+05,10000,1.5071908,Sorted
"plotly:::group2NA(Data, ""GroupA"", ""GroupB"", c(""X1"", ""X2""), retrace.first = TRUE)",158836442,1e+05,10000,1.58836442,Sorted
"plotly:::group2NA(Data, ""GroupA"", ""GroupB"", c(""X1"", ""X2"", ""X3""),      retrace.first = TRUE)",161846170,1e+05,10000,1.6184617,Sorted
"plotly:::group2NA(Data, ""GroupA"", ""GroupB"", c(""X1"", ""X2""), retrace.first = TRUE)",169628806,1e+05,10000,1.69628806,Sorted
"plotly:::group2NA(Data, ""GroupA"", ""GroupB"", retrace.first = TRUE)",163937959,1e+05,10000,1.63937959,Not Sorted
"plotly:::group2NA(Data, ""GroupA"", retrace.first = TRUE)",72514324,1e+06,10,0.72514324,Sorted
"plotly:::group2NA(Data, ""GroupA"", ""GroupB"", c(""X1"", ""X2"", ""X3""),      retrace.first = TRUE)",1647952307,1e+06,10,16.47952307,Sorted
"plotly:::group2NA(Data, ""GroupA"", ""GroupB"", c(""X1"", ""X2"", ""X3""),      retrace.first = TRUE)",1598035335,1e+06,10,15.98035335,Sorted
"plotly:::group2NA(Data, ""GroupA"", ""GroupB"", c(""X1"", ""X2"", ""X3""),      retrace.first = TRUE)",1643554410,1e+06,10,16.4355441,Sorted
"plotly:::group2NA(Data, ""GroupA"", ""GroupB"", ""X1"", retrace.first = TRUE)",1495523120,1e+06,10,14.9552312,Sorted
"plotly:::group2NA(Data, ""GroupA"", retrace.first = TRUE)",132497315,1e+06,10,1.32497315,Sorted
"plotly:::group2NA(Data, ""GroupA"", ""GroupB"", c(""X1"", ""X2""), retrace.first = TRUE)",1515908598,1e+06,10,15.15908598,Sorted
"plotly:::group2NA(Data, ""GroupA"", retrace.first = TRUE)",71992762,1e+06,10,0.71992762,Sorted
"plotly:::group2NA(Data, ""GroupA"", ""GroupB"", ""GroupC"", retrace.first = TRUE)",108288607,1e+06,10,1.08288607,Sorted
"plotly:::group2NA(Data, ""GroupA"", retrace.first = TRUE)",101367078,1e+06,10,1.01367078,Sorted
"plotly:::group2NA(Data, ""GroupA"", ""GroupB"", c(""X1"", ""X2"", ""X3""),      retrace.first = TRUE)",1592229920,1e+06,10,15.9222992,Sorted
"plotly:::group2NA(Data, ""GroupA"", ""GroupB"", ""X1"", retrace.first = TRUE)",1450378632,1e+06,10,14.50378632,Sorted
"plotly:::group2NA(Data, ""GroupA"", ""GroupB"", ""X1"", retrace.first = TRUE)",1452067844,1e+06,10,14.52067844,Sorted
"plotly:::group2NA(Data, ""GroupA"", ""GroupB"", retrace.first = TRUE)",89846885,1e+06,10,0.89846885,Not Sorted
"plotly:::group2NA(Data, ""GroupA"", ""GroupB"", retrace.first = TRUE)",99748437,1e+06,10,0.99748437,Not Sorted
"plotly:::group2NA(Data, ""GroupA"", ""GroupB"", c(""X1"", ""X2""), retrace.first = TRUE)",1486134679,1e+06,10,14.86134679,Sorted
"plotly:::group2NA(Data, ""GroupA"", ""GroupB"", ""GroupC"", retrace.first = TRUE)",105190747,1e+06,10,1.05190747,Sorted
"plotly:::group2NA(Data, ""GroupA"", ""GroupB"", retrace.first = TRUE)",99691502,1e+06,10,0.99691502,Not Sorted
"plotly:::group2NA(Data, ""GroupA"", ""GroupB"", c(""X1"", ""X2"", ""X3""),      retrace.first = TRUE)",1621066124,1e+06,10,16.21066124,Sorted
"plotly:::group2NA(Data, ""GroupA"", retrace.first = TRUE)",77407760,1e+06,10,0.7740776,Sorted
"plotly:::group2NA(Data, ""GroupA"", ""GroupB"", ""GroupC"", retrace.first = TRUE)",122596478,1e+06,10,1.22596478,Sorted
"plotly:::group2NA(Data, ""GroupA"", ""GroupB"", c(""X1"", ""X2""), retrace.first = TRUE)",1618181779,1e+06,10,16.18181779,Sorted
"plotly:::group2NA(Data, ""GroupA"", ""GroupB"", retrace.first = TRUE)",70324656,1e+06,10,0.70324656,Not Sorted
"plotly:::group2NA(Data, ""GroupA"", ""GroupB"", ""X1"", retrace.first = TRUE)",1445015223,1e+06,10,14.45015223,Sorted
"plotly:::group2NA(Data, ""GroupA"", ""GroupB"", c(""X1"", ""X2""), retrace.first = TRUE)",1600639005,1e+06,10,16.00639005,Sorted
"plotly:::group2NA(Data, ""GroupA"", ""GroupB"", ""GroupC"", retrace.first = TRUE)",87151747,1e+06,10,0.87151747,Sorted
"plotly:::group2NA(Data, ""GroupA"", ""GroupB"", c(""X1"", ""X2""), retrace.first = TRUE)",1589479213,1e+06,10,15.89479213,Sorted
"plotly:::group2NA(Data, ""GroupA"", ""GroupB"", retrace.first = TRUE)",71074077,1e+06,10,0.71074077,Not Sorted
"plotly:::group2NA(Data, ""GroupA"", ""GroupB"", ""X1"", retrace.first = TRUE)",1569154613,1e+06,10,15.69154613,Sorted
"plotly:::group2NA(Data, ""GroupA"", ""GroupB"", ""GroupC"", retrace.first = TRUE)",90334355,1e+06,10,0.90334355,Sorted
"plotly:::group2NA(Data, ""GroupA"", ""GroupB"", retrace.first = TRUE)",112982266,1e+06,100,1.12982266,Not Sorted
"plotly:::group2NA(Data, ""GroupA"", ""GroupB"", ""X1"", retrace.first = TRUE)",1511686377,1e+06,100,15.11686377,Sorted
"plotly:::group2NA(Data, ""GroupA"", retrace.first = TRUE)",79021146,1e+06,100,0.79021146,Sorted
"plotly:::group2NA(Data, ""GroupA"", ""GroupB"", retrace.first = TRUE)",104352386,1e+06,100,1.04352386,Not Sorted
"plotly:::group2NA(Data, ""GroupA"", ""GroupB"", retrace.first = TRUE)",87649304,1e+06,100,0.87649304,Not Sorted
"plotly:::group2NA(Data, ""GroupA"", ""GroupB"", retrace.first = TRUE)",87782740,1e+06,100,0.8778274,Not Sorted
"plotly:::group2NA(Data, ""GroupA"", ""GroupB"", retrace.first = TRUE)",88015665,1e+06,100,0.88015665,Not Sorted
"plotly:::group2NA(Data, ""GroupA"", ""GroupB"", ""GroupC"", retrace.first = TRUE)",1088228215,1e+06,100,10.88228215,Sorted
"plotly:::group2NA(Data, ""GroupA"", ""GroupB"", c(""X1"", ""X2""), retrace.first = TRUE)",1587146295,1e+06,100,15.87146295,Sorted
"plotly:::group2NA(Data, ""GroupA"", ""GroupB"", c(""X1"", ""X2""), retrace.first = TRUE)",1463646907,1e+06,100,14.63646907,Sorted
"plotly:::group2NA(Data, ""GroupA"", ""GroupB"", ""X1"", retrace.first = TRUE)",1449566785,1e+06,100,14.49566785,Sorted
"plotly:::group2NA(Data, ""GroupA"", ""GroupB"", c(""X1"", ""X2"", ""X3""),      retrace.first = TRUE)",1498505244,1e+06,100,14.98505244,Sorted
"plotly:::group2NA(Data, ""GroupA"", retrace.first = TRUE)",76634007,1e+06,100,0.76634007,Sorted
"plotly:::group2NA(Data, ""GroupA"", ""GroupB"", ""GroupC"", retrace.first = TRUE)",1093204946,1e+06,100,10.93204946,Sorted
"plotly:::group2NA(Data, ""GroupA"", ""GroupB"", ""X1"", retrace.first = TRUE)",1548497742,1e+06,100,15.48497742,Sorted
"plotly:::group2NA(Data, ""GroupA"", retrace.first = TRUE)",88977478,1e+06,100,0.88977478,Sorted
"plotly:::group2NA(Data, ""GroupA"", retrace.first = TRUE)",89800582,1e+06,100,0.89800582,Sorted
"plotly:::group2NA(Data, ""GroupA"", ""GroupB"", c(""X1"", ""X2""), retrace.first = TRUE)",1649324463,1e+06,100,16.49324463,Sorted
"plotly:::group2NA(Data, ""GroupA"", ""GroupB"", c(""X1"", ""X2"", ""X3""),      retrace.first = TRUE)",1514306160,1e+06,100,15.1430616,Sorted
"plotly:::group2NA(Data, ""GroupA"", ""GroupB"", c(""X1"", ""X2""), retrace.first = TRUE)",1546644549,1e+06,100,15.46644549,Sorted
"plotly:::group2NA(Data, ""GroupA"", ""GroupB"", ""GroupC"", retrace.first = TRUE)",1096370365,1e+06,100,10.96370365,Sorted
"plotly:::group2NA(Data, ""GroupA"", ""GroupB"", ""GroupC"", retrace.first = TRUE)",1025492759,1e+06,100,10.25492759,Sorted
"plotly:::group2NA(Data, ""GroupA"", ""GroupB"", c(""X1"", ""X2"", ""X3""),      retrace.first = TRUE)",1595508719,1e+06,100,15.95508719,Sorted
"plotly:::group2NA(Data, ""GroupA"", ""GroupB"", c(""X1"", ""X2"", ""X3""),      retrace.first = TRUE)",1560525126,1e+06,100,15.60525126,Sorted
"plotly:::group2NA(Data, ""GroupA"", ""GroupB"", ""X1"", retrace.first = TRUE)",1550651887,1e+06,100,15.50651887,Sorted
"plotly:::group2NA(Data, ""GroupA"", retrace.first = TRUE)",75838242,1e+06,100,0.75838242,Sorted
"plotly:::group2NA(Data, ""GroupA"", ""GroupB"", ""GroupC"", retrace.first = TRUE)",1065548408,1e+06,100,10.65548408,Sorted
"plotly:::group2NA(Data, ""GroupA"", ""GroupB"", c(""X1"", ""X2"", ""X3""),      retrace.first = TRUE)",1538698342,1e+06,100,15.38698342,Sorted
"plotly:::group2NA(Data, ""GroupA"", ""GroupB"", c(""X1"", ""X2""), retrace.first = TRUE)",1487448918,1e+06,100,14.87448918,Sorted
"plotly:::group2NA(Data, ""GroupA"", ""GroupB"", ""X1"", retrace.first = TRUE)",1431509636,1e+06,100,14.31509636,Sorted
"plotly:::group2NA(Data, ""GroupA"", retrace.first = TRUE)",87914854,1e+06,1000,0.87914854,Sorted
"plotly:::group2NA(Data, ""GroupA"", ""GroupB"", c(""X1"", ""X2"", ""X3""),      retrace.first = TRUE)",1528393670,1e+06,1000,15.2839367,Sorted
"plotly:::group2NA(Data, ""GroupA"", ""GroupB"", ""X1"", retrace.first = TRUE)",1461696781,1e+06,1000,14.61696781,Sorted
"plotly:::group2NA(Data, ""GroupA"", ""GroupB"", ""X1"", retrace.first = TRUE)",1492824392,1e+06,1000,14.92824392,Sorted
"plotly:::group2NA(Data, ""GroupA"", retrace.first = TRUE)",85916874,1e+06,1000,0.85916874,Sorted
"plotly:::group2NA(Data, ""GroupA"", ""GroupB"", c(""X1"", ""X2""), retrace.first = TRUE)",1495657770,1e+06,1000,14.9565777,Sorted
"plotly:::group2NA(Data, ""GroupA"", ""GroupB"", ""GroupC"", retrace.first = TRUE)",1422310512,1e+06,1000,14.22310512,Sorted
"plotly:::group2NA(Data, ""GroupA"", ""GroupB"", retrace.first = TRUE)",1049645763,1e+06,1000,10.49645763,Not Sorted
"plotly:::group2NA(Data, ""GroupA"", ""GroupB"", ""GroupC"", retrace.first = TRUE)",1511628035,1e+06,1000,15.11628035,Sorted
"plotly:::group2NA(Data, ""GroupA"", ""GroupB"", retrace.first = TRUE)",1044908033,1e+06,1000,10.44908033,Not Sorted
"plotly:::group2NA(Data, ""GroupA"", ""GroupB"", ""X1"", retrace.first = TRUE)",1518691813,1e+06,1000,15.18691813,Sorted
"plotly:::group2NA(Data, ""GroupA"", ""GroupB"", c(""X1"", ""X2"", ""X3""),      retrace.first = TRUE)",1543231070,1e+06,1000,15.4323107,Sorted
"plotly:::group2NA(Data, ""GroupA"", ""GroupB"", ""X1"", retrace.first = TRUE)",1502667647,1e+06,1000,15.02667647,Sorted
"plotly:::group2NA(Data, ""GroupA"", ""GroupB"", c(""X1"", ""X2"", ""X3""),      retrace.first = TRUE)",1515594305,1e+06,1000,15.15594305,Sorted
"plotly:::group2NA(Data, ""GroupA"", ""GroupB"", c(""X1"", ""X2"", ""X3""),      retrace.first = TRUE)",1547708732,1e+06,1000,15.47708732,Sorted
"plotly:::group2NA(Data, ""GroupA"", ""GroupB"", retrace.first = TRUE)",987975295,1e+06,1000,9.87975295,Not Sorted
"plotly:::group2NA(Data, ""GroupA"", ""GroupB"", c(""X1"", ""X2"", ""X3""),      retrace.first = TRUE)",1512350241,1e+06,1000,15.12350241,Sorted
"plotly:::group2NA(Data, ""GroupA"", ""GroupB"", ""GroupC"", retrace.first = TRUE)",1484504983,1e+06,1000,14.84504983,Sorted
"plotly:::group2NA(Data, ""GroupA"", ""GroupB"", c(""X1"", ""X2""), retrace.first = TRUE)",1550543033,1e+06,1000,15.50543033,Sorted
"plotly:::group2NA(Data, ""GroupA"", ""GroupB"", c(""X1"", ""X2""), retrace.first = TRUE)",1498018333,1e+06,1000,14.98018333,Sorted
"plotly:::group2NA(Data, ""GroupA"", ""GroupB"", c(""X1"", ""X2""), retrace.first = TRUE)",1477900422,1e+06,1000,14.77900422,Sorted
"plotly:::group2NA(Data, ""GroupA"", retrace.first = TRUE)",88609791,1e+06,1000,0.88609791,Sorted
"plotly:::group2NA(Data, ""GroupA"", retrace.first = TRUE)",66928011,1e+06,1000,0.66928011,Sorted
"plotly:::group2NA(Data, ""GroupA"", ""GroupB"", c(""X1"", ""X2""), retrace.first = TRUE)",1536704606,1e+06,1000,15.36704606,Sorted
"plotly:::group2NA(Data, ""GroupA"", ""GroupB"", ""GroupC"", retrace.first = TRUE)",1501160676,1e+06,1000,15.01160676,Sorted
"plotly:::group2NA(Data, ""GroupA"", ""GroupB"", ""X1"", retrace.first = TRUE)",1588317310,1e+06,1000,15.8831731,Sorted
"plotly:::group2NA(Data, ""GroupA"", ""GroupB"", retrace.first = TRUE)",1074180511,1e+06,1000,10.74180511,Not Sorted
"plotly:::group2NA(Data, ""GroupA"", ""GroupB"", retrace.first = TRUE)",1071782978,1e+06,1000,10.71782978,Not Sorted
"plotly:::group2NA(Data, ""GroupA"", retrace.first = TRUE)",86255190,1e+06,1000,0.8625519,Sorted
"plotly:::group2NA(Data, ""GroupA"", ""GroupB"", ""GroupC"", retrace.first = TRUE)",1521847410,1e+06,1000,15.2184741,Sorted
"plotly:::group2NA(Data, ""GroupA"", ""GroupB"", ""GroupC"", retrace.first = TRUE)",1666163925,1e+06,10000,16.66163925,Sorted
"plotly:::group2NA(Data, ""GroupA"", ""GroupB"", c(""X1"", ""X2"", ""X3""),      retrace.first = TRUE)",1575118804,1e+06,10000,15.75118804,Sorted
"plotly:::group2NA(Data, ""GroupA"", ""GroupB"", ""X1"", retrace.first = TRUE)",1455952173,1e+06,10000,14.55952173,Sorted
"plotly:::group2NA(Data, ""GroupA"", ""GroupB"", c(""X1"", ""X2""), retrace.first = TRUE)",1502198254,1e+06,10000,15.02198254,Sorted
"plotly:::group2NA(Data, ""GroupA"", ""GroupB"", retrace.first = TRUE)",1518417156,1e+06,10000,15.18417156,Not Sorted
"plotly:::group2NA(Data, ""GroupA"", ""GroupB"", ""GroupC"", retrace.first = TRUE)",1471927772,1e+06,10000,14.71927772,Sorted
"plotly:::group2NA(Data, ""GroupA"", ""GroupB"", ""GroupC"", retrace.first = TRUE)",1481842890,1e+06,10000,14.8184289,Sorted
"plotly:::group2NA(Data, ""GroupA"", retrace.first = TRUE)",111408659,1e+06,10000,1.11408659,Sorted
"plotly:::group2NA(Data, ""GroupA"", ""GroupB"", ""X1"", retrace.first = TRUE)",1499387868,1e+06,10000,14.99387868,Sorted
"plotly:::group2NA(Data, ""GroupA"", retrace.first = TRUE)",112342071,1e+06,10000,1.12342071,Sorted
"plotly:::group2NA(Data, ""GroupA"", ""GroupB"", retrace.first = TRUE)",1467915976,1e+06,10000,14.67915976,Not Sorted
"plotly:::group2NA(Data, ""GroupA"", ""GroupB"", ""X1"", retrace.first = TRUE)",1508357470,1e+06,10000,15.0835747,Sorted
"plotly:::group2NA(Data, ""GroupA"", ""GroupB"", ""GroupC"", retrace.first = TRUE)",1570570341,1e+06,10000,15.70570341,Sorted
"plotly:::group2NA(Data, ""GroupA"", retrace.first = TRUE)",115200853,1e+06,10000,1.15200853,Sorted
"plotly:::group2NA(Data, ""GroupA"", ""GroupB"", c(""X1"", ""X2"", ""X3""),      retrace.first = TRUE)",1555944817,1e+06,10000,15.55944817,Sorted
"plotly:::group2NA(Data, ""GroupA"", ""GroupB"", c(""X1"", ""X2""), retrace.first = TRUE)",1503844194,1e+06,10000,15.03844194,Sorted
"plotly:::group2NA(Data, ""GroupA"", ""GroupB"", c(""X1"", ""X2""), retrace.first = TRUE)",1530987182,1e+06,10000,15.30987182,Sorted
"plotly:::group2NA(Data, ""GroupA"", ""GroupB"", ""GroupC"", retrace.first = TRUE)",1501037259,1e+06,10000,15.01037259,Sorted
"plotly:::group2NA(Data, ""GroupA"", ""GroupB"", ""X1"", retrace.first = TRUE)",1516776429,1e+06,10000,15.16776429,Sorted
"plotly:::group2NA(Data, ""GroupA"", ""GroupB"", ""X1"", retrace.first = TRUE)",1562346534,1e+06,10000,15.62346534,Sorted
"plotly:::group2NA(Data, ""GroupA"", ""GroupB"", c(""X1"", ""X2"", ""X3""),      retrace.first = TRUE)",1544538134,1e+06,10000,15.44538134,Sorted
"plotly:::group2NA(Data, ""GroupA"", ""GroupB"", c(""X1"", ""X2"", ""X3""),      retrace.first = TRUE)",1571301406,1e+06,10000,15.71301406,Sorted
"plotly:::group2NA(Data, ""GroupA"", ""GroupB"", retrace.first = TRUE)",1416900134,1e+06,10000,14.16900134,Not Sorted
"plotly:::group2NA(Data, ""GroupA"", ""GroupB"", c(""X1"", ""X2"", ""X3""),      retrace.first = TRUE)",1545157087,1e+06,10000,15.45157087,Sorted
"plotly:::group2NA(Data, ""GroupA"", ""GroupB"", retrace.first = TRUE)",1476221087,1e+06,10000,14.76221087,Not Sorted
"plotly:::group2NA(Data, ""GroupA"", ""GroupB"", c(""X1"", ""X2""), retrace.first = TRUE)",1594301726,1e+06,10000,15.94301726,Sorted
"plotly:::group2NA(Data, ""GroupA"", ""GroupB"", retrace.first = TRUE)",1484167652,1e+06,10000,14.84167652,Not Sorted
"plotly:::group2NA(Data, ""GroupA"", retrace.first = TRUE)",116303281,1e+06,10000,1.16303281,Sorted
"plotly:::group2NA(Data, ""GroupA"", retrace.first = TRUE)",79145570,1e+06,10000,0.7914557,Sorted
"plotly:::group2NA(Data, ""GroupA"", ""GroupB"", c(""X1"", ""X2""), retrace.first = TRUE)",1565991130,1e+06,10000,15.6599113,Sorted
"plotly:::group2NA(Data, ""GroupA"", ""GroupB"", c(""X1"", ""X2""), retrace.first = TRUE)",1831562120,1e+06,1e+05,18.3156212,Sorted
"plotly:::group2NA(Data, ""GroupA"", ""GroupB"", ""X1"", retrace.first = TRUE)",1741664937,1e+06,1e+05,17.41664937,Sorted
"plotly:::group2NA(Data, ""GroupA"", ""GroupB"", ""GroupC"", retrace.first = TRUE)",1871836525,1e+06,1e+05,18.71836525,Sorted
"plotly:::group2NA(Data, ""GroupA"", ""GroupB"", retrace.first = TRUE)",1693964304,1e+06,1e+05,16.93964304,Not Sorted
"plotly:::group2NA(Data, ""GroupA"", ""GroupB"", retrace.first = TRUE)",1762607301,1e+06,1e+05,17.62607301,Not Sorted
"plotly:::group2NA(Data, ""GroupA"", ""GroupB"", ""X1"", retrace.first = TRUE)",1766664814,1e+06,1e+05,17.66664814,Sorted
"plotly:::group2NA(Data, ""GroupA"", ""GroupB"", retrace.first = TRUE)",1755733661,1e+06,1e+05,17.55733661,Not Sorted
"plotly:::group2NA(Data, ""GroupA"", ""GroupB"", c(""X1"", ""X2"", ""X3""),      retrace.first = TRUE)",1869565222,1e+06,1e+05,18.69565222,Sorted
"plotly:::group2NA(Data, ""GroupA"", ""GroupB"", ""X1"", retrace.first = TRUE)",1817233151,1e+06,1e+05,18.17233151,Sorted
"plotly:::group2NA(Data, ""GroupA"", retrace.first = TRUE)",309644113,1e+06,1e+05,3.09644113,Sorted
"plotly:::group2NA(Data, ""GroupA"", ""GroupB"", ""X1"", retrace.first = TRUE)",1899448344,1e+06,1e+05,18.99448344,Sorted
"plotly:::group2NA(Data, ""GroupA"", ""GroupB"", ""GroupC"", retrace.first = TRUE)",1832046664,1e+06,1e+05,18.32046664,Sorted
"plotly:::group2NA(Data, ""GroupA"", retrace.first = TRUE)",297660710,1e+06,1e+05,2.9766071,Sorted
"plotly:::group2NA(Data, ""GroupA"", ""GroupB"", c(""X1"", ""X2""), retrace.first = TRUE)",1912893824,1e+06,1e+05,19.12893824,Sorted
"plotly:::group2NA(Data, ""GroupA"", ""GroupB"", c(""X1"", ""X2""), retrace.first = TRUE)",1847671528,1e+06,1e+05,18.47671528,Sorted
"plotly:::group2NA(Data, ""GroupA"", ""GroupB"", ""GroupC"", retrace.first = TRUE)",1810294221,1e+06,1e+05,18.10294221,Sorted
"plotly:::group2NA(Data, ""GroupA"", retrace.first = TRUE)",301029891,1e+06,1e+05,3.01029891,Sorted
"plotly:::group2NA(Data, ""GroupA"", ""GroupB"", ""X1"", retrace.first = TRUE)",1886589867,1e+06,1e+05,18.86589867,Sorted
"plotly:::group2NA(Data, ""GroupA"", retrace.first = TRUE)",357199957,1e+06,1e+05,3.57199957,Sorted
"plotly:::group2NA(Data, ""GroupA"", ""GroupB"", c(""X1"", ""X2""), retrace.first = TRUE)",1957251747,1e+06,1e+05,19.57251747,Sorted
"plotly:::group2NA(Data, ""GroupA"", ""GroupB"", c(""X1"", ""X2"", ""X3""),      retrace.first = TRUE)",1853220369,1e+06,1e+05,18.53220369,Sorted
"plotly:::group2NA(Data, ""GroupA"", ""GroupB"", c(""X1"", ""X2""), retrace.first = TRUE)",1837497931,1e+06,1e+05,18.37497931,Sorted
"plotly:::group2NA(Data, ""GroupA"", ""GroupB"", ""GroupC"", retrace.first = TRUE)",1880384968,1e+06,1e+05,18.80384968,Sorted
"plotly:::group2NA(Data, ""GroupA"", ""GroupB"", c(""X1"", ""X2"", ""X3""),      retrace.first = TRUE)",1838548434,1e+06,1e+05,18.38548434,Sorted
"plotly:::group2NA(Data, ""GroupA"", ""GroupB"", ""GroupC"", retrace.first = TRUE)",1849299838,1e+06,1e+05,18.49299838,Sorted
"plotly:::group2NA(Data, ""GroupA"", retrace.first = TRUE)",445631344,1e+06,1e+05,4.45631344,Sorted
"plotly:::group2NA(Data, ""GroupA"", ""GroupB"", retrace.first = TRUE)",1758677687,1e+06,1e+05,17.58677687,Not Sorted
"plotly:::group2NA(Data, ""GroupA"", ""GroupB"", retrace.first = TRUE)",1776422581,1e+06,1e+05,17.76422581,Not Sorted
"plotly:::group2NA(Data, ""GroupA"", ""GroupB"", c(""X1"", ""X2"", ""X3""),      retrace.first = TRUE)",1876801679,1e+06,1e+05,18.76801679,Sorted
"plotly:::group2NA(Data, ""GroupA"", ""GroupB"", c(""X1"", ""X2"", ""X3""),      retrace.first = TRUE)",1872998841,1e+06,1e+05,18.72998841,Sorted
"plotly:::group2NA(Data, ""GroupA"", ""GroupB"", c(""X1"", ""X2""), retrace.first = TRUE)",15466016924,1e+07,10,154.66016924,Sorted
"plotly:::group2NA(Data, ""GroupA"", ""GroupB"", c(""X1"", ""X2""), retrace.first = TRUE)",14751145293,1e+07,10,147.51145293,Sorted
"plotly:::group2NA(Data, ""GroupA"", ""GroupB"", c(""X1"", ""X2"", ""X3""),      retrace.first = TRUE)",15234374366,1e+07,10,152.34374366,Sorted
"plotly:::group2NA(Data, ""GroupA"", retrace.first = TRUE)",785017859,1e+07,10,7.85017859,Sorted
"plotly:::group2NA(Data, ""GroupA"", ""GroupB"", c(""X1"", ""X2""), retrace.first = TRUE)",15005549259,1e+07,10,150.05549259,Sorted
"plotly:::group2NA(Data, ""GroupA"", ""GroupB"", c(""X1"", ""X2"", ""X3""),      retrace.first = TRUE)",15195018939,1e+07,10,151.95018939,Sorted
"plotly:::group2NA(Data, ""GroupA"", ""GroupB"", ""GroupC"", retrace.first = TRUE)",966246635,1e+07,10,9.66246635,Sorted
"plotly:::group2NA(Data, ""GroupA"", ""GroupB"", retrace.first = TRUE)",801313833,1e+07,10,8.01313833,Not Sorted
"plotly:::group2NA(Data, ""GroupA"", ""GroupB"", ""X1"", retrace.first = TRUE)",14935078508,1e+07,10,149.35078508,Sorted
"plotly:::group2NA(Data, ""GroupA"", ""GroupB"", c(""X1"", ""X2"", ""X3""),      retrace.first = TRUE)",15584523108,1e+07,10,155.84523108,Sorted
"plotly:::group2NA(Data, ""GroupA"", ""GroupB"", c(""X1"", ""X2"", ""X3""),      retrace.first = TRUE)",15198255797,1e+07,10,151.98255797,Sorted
"plotly:::group2NA(Data, ""GroupA"", ""GroupB"", ""GroupC"", retrace.first = TRUE)",988642505,1e+07,10,9.88642505,Sorted
"plotly:::group2NA(Data, ""GroupA"", ""GroupB"", retrace.first = TRUE)",786109370,1e+07,10,7.8610937,Not Sorted
"plotly:::group2NA(Data, ""GroupA"", ""GroupB"", ""X1"", retrace.first = TRUE)",14778669439,1e+07,10,147.78669439,Sorted
"plotly:::group2NA(Data, ""GroupA"", ""GroupB"", c(""X1"", ""X2""), retrace.first = TRUE)",15172913873,1e+07,10,151.72913873,Sorted
"plotly:::group2NA(Data, ""GroupA"", retrace.first = TRUE)",792776863,1e+07,10,7.92776863,Sorted
"plotly:::group2NA(Data, ""GroupA"", ""GroupB"", retrace.first = TRUE)",930411464,1e+07,10,9.30411464,Not Sorted
"plotly:::group2NA(Data, ""GroupA"", retrace.first = TRUE)",801964000,1e+07,10,8.01964,Sorted
"plotly:::group2NA(Data, ""GroupA"", ""GroupB"", ""GroupC"", retrace.first = TRUE)",1014486454,1e+07,10,10.14486454,Sorted
"plotly:::group2NA(Data, ""GroupA"", ""GroupB"", c(""X1"", ""X2""), retrace.first = TRUE)",15095750314,1e+07,10,150.95750314,Sorted
"plotly:::group2NA(Data, ""GroupA"", ""GroupB"", ""X1"", retrace.first = TRUE)",14644267180,1e+07,10,146.4426718,Sorted
"plotly:::group2NA(Data, ""GroupA"", ""GroupB"", ""X1"", retrace.first = TRUE)",14755155547,1e+07,10,147.55155547,Sorted
"plotly:::group2NA(Data, ""GroupA"", retrace.first = TRUE)",811861955,1e+07,10,8.11861955,Sorted
"plotly:::group2NA(Data, ""GroupA"", ""GroupB"", ""GroupC"", retrace.first = TRUE)",1048855083,1e+07,10,10.48855083,Sorted
"plotly:::group2NA(Data, ""GroupA"", ""GroupB"", retrace.first = TRUE)",801790081,1e+07,10,8.01790081,Not Sorted
"plotly:::group2NA(Data, ""GroupA"", ""GroupB"", c(""X1"", ""X2"", ""X3""),      retrace.first = TRUE)",15238949874,1e+07,10,152.38949874,Sorted
"plotly:::group2NA(Data, ""GroupA"", ""GroupB"", ""X1"", retrace.first = TRUE)",14585630386,1e+07,10,145.85630386,Sorted
"plotly:::group2NA(Data, ""GroupA"", ""GroupB"", ""GroupC"", retrace.first = TRUE)",1072290275,1e+07,10,10.72290275,Sorted
"plotly:::group2NA(Data, ""GroupA"", retrace.first = TRUE)",799559824,1e+07,10,7.99559824,Sorted
"plotly:::group2NA(Data, ""GroupA"", ""GroupB"", retrace.first = TRUE)",897380311,1e+07,10,8.97380311,Not Sorted
"plotly:::group2NA(Data, ""GroupA"", retrace.first = TRUE)",985331711,1e+07,100,9.85331711,Sorted
"plotly:::group2NA(Data, ""GroupA"", ""GroupB"", c(""X1"", ""X2""), retrace.first = TRUE)",15627753339,1e+07,100,156.27753339,Sorted
"plotly:::group2NA(Data, ""GroupA"", ""GroupB"", ""GroupC"", retrace.first = TRUE)",2672744392,1e+07,100,26.72744392,Sorted
"plotly:::group2NA(Data, ""GroupA"", ""GroupB"", ""X1"", retrace.first = TRUE)",14726115083,1e+07,100,147.26115083,Sorted
"plotly:::group2NA(Data, ""GroupA"", retrace.first = TRUE)",802115914,1e+07,100,8.02115914,Sorted
"plotly:::group2NA(Data, ""GroupA"", ""GroupB"", retrace.first = TRUE)",988016341,1e+07,100,9.88016341,Not Sorted
"plotly:::group2NA(Data, ""GroupA"", ""GroupB"", c(""X1"", ""X2""), retrace.first = TRUE)",14917641688,1e+07,100,149.17641688,Sorted
"plotly:::group2NA(Data, ""GroupA"", ""GroupB"", retrace.first = TRUE)",827031381,1e+07,100,8.27031381,Not Sorted
"plotly:::group2NA(Data, ""GroupA"", ""GroupB"", ""X1"", retrace.first = TRUE)",14489530662,1e+07,100,144.89530662,Sorted
"plotly:::group2NA(Data, ""GroupA"", ""GroupB"", c(""X1"", ""X2""), retrace.first = TRUE)",14840519863,1e+07,100,148.40519863,Sorted
"plotly:::group2NA(Data, ""GroupA"", ""GroupB"", ""GroupC"", retrace.first = TRUE)",2788169925,1e+07,100,27.88169925,Sorted
"plotly:::group2NA(Data, ""GroupA"", retrace.first = TRUE)",822910582,1e+07,100,8.22910582,Sorted
"plotly:::group2NA(Data, ""GroupA"", ""GroupB"", ""X1"", retrace.first = TRUE)",14950812015,1e+07,100,149.50812015,Sorted
"plotly:::group2NA(Data, ""GroupA"", ""GroupB"", ""X1"", retrace.first = TRUE)",14661928553,1e+07,100,146.61928553,Sorted
"plotly:::group2NA(Data, ""GroupA"", retrace.first = TRUE)",906244559,1e+07,100,9.06244559,Sorted
"plotly:::group2NA(Data, ""GroupA"", retrace.first = TRUE)",741548958,1e+07,100,7.41548958,Sorted
"plotly:::group2NA(Data, ""GroupA"", ""GroupB"", c(""X1"", ""X2"", ""X3""),      retrace.first = TRUE)",15295068176,1e+07,100,152.95068176,Sorted
"plotly:::group2NA(Data, ""GroupA"", ""GroupB"", retrace.first = TRUE)",830493880,1e+07,100,8.3049388,Not Sorted
"plotly:::group2NA(Data, ""GroupA"", ""GroupB"", c(""X1"", ""X2""), retrace.first = TRUE)",15366686989,1e+07,100,153.66686989,Sorted
"plotly:::group2NA(Data, ""GroupA"", ""GroupB"", c(""X1"", ""X2"", ""X3""),      retrace.first = TRUE)",14911238156,1e+07,100,149.11238156,Sorted
"plotly:::group2NA(Data, ""GroupA"", ""GroupB"", c(""X1"", ""X2"", ""X3""),      retrace.first = TRUE)",14898007666,1e+07,100,148.98007666,Sorted
"plotly:::group2NA(Data, ""GroupA"", ""GroupB"", ""GroupC"", retrace.first = TRUE)",2850854388,1e+07,100,28.50854388,Sorted
"plotly:::group2NA(Data, ""GroupA"", ""GroupB"", retrace.first = TRUE)",828960705,1e+07,100,8.28960705,Not Sorted
"plotly:::group2NA(Data, ""GroupA"", ""GroupB"", retrace.first = TRUE)",854720932,1e+07,100,8.54720932,Not Sorted
"plotly:::group2NA(Data, ""GroupA"", ""GroupB"", ""X1"", retrace.first = TRUE)",15177703398,1e+07,100,151.77703398,Sorted
"plotly:::group2NA(Data, ""GroupA"", ""GroupB"", c(""X1"", ""X2"", ""X3""),      retrace.first = TRUE)",15010395238,1e+07,100,150.10395238,Sorted
"plotly:::group2NA(Data, ""GroupA"", ""GroupB"", c(""X1"", ""X2""), retrace.first = TRUE)",15134936143,1e+07,100,151.34936143,Sorted
"plotly:::group2NA(Data, ""GroupA"", ""GroupB"", ""GroupC"", retrace.first = TRUE)",2778793780,1e+07,100,27.7879378,Sorted
"plotly:::group2NA(Data, ""GroupA"", ""GroupB"", c(""X1"", ""X2"", ""X3""),      retrace.first = TRUE)",15624279925,1e+07,100,156.24279925,Sorted
"plotly:::group2NA(Data, ""GroupA"", ""GroupB"", ""GroupC"", retrace.first = TRUE)",2982223049,1e+07,100,29.82223049,Sorted
"plotly:::group2NA(Data, ""GroupA"", ""GroupB"", retrace.first = TRUE)",3060020895,1e+07,1000,30.60020895,Not Sorted
"plotly:::group2NA(Data, ""GroupA"", ""GroupB"", retrace.first = TRUE)",2607094651,1e+07,1000,26.07094651,Not Sorted
"plotly:::group2NA(Data, ""GroupA"", ""GroupB"", ""X1"", retrace.first = TRUE)",14875327802,1e+07,1000,148.75327802,Sorted
"plotly:::group2NA(Data, ""GroupA"", ""GroupB"", ""GroupC"", retrace.first = TRUE)",14887409112,1e+07,1000,148.87409112,Sorted
"plotly:::group2NA(Data, ""GroupA"", ""GroupB"", ""X1"", retrace.first = TRUE)",14787677385,1e+07,1000,147.87677385,Sorted
"plotly:::group2NA(Data, ""GroupA"", ""GroupB"", c(""X1"", ""X2"", ""X3""),      retrace.first = TRUE)",15000848409,1e+07,1000,150.00848409,Sorted
"plotly:::group2NA(Data, ""GroupA"", ""GroupB"", c(""X1"", ""X2"", ""X3""),      retrace.first = TRUE)",14882529342,1e+07,1000,148.82529342,Sorted
"plotly:::group2NA(Data, ""GroupA"", ""GroupB"", c(""X1"", ""X2""), retrace.first = TRUE)",14897976093,1e+07,1000,148.97976093,Sorted
"plotly:::group2NA(Data, ""GroupA"", ""GroupB"", c(""X1"", ""X2""), retrace.first = TRUE)",15142563774,1e+07,1000,151.42563774,Sorted
"plotly:::group2NA(Data, ""GroupA"", ""GroupB"", retrace.first = TRUE)",2624183686,1e+07,1000,26.24183686,Not Sorted
"plotly:::group2NA(Data, ""GroupA"", ""GroupB"", ""X1"", retrace.first = TRUE)",14630017844,1e+07,1000,146.30017844,Sorted
"plotly:::group2NA(Data, ""GroupA"", retrace.first = TRUE)",894727183,1e+07,1000,8.94727183,Sorted
"plotly:::group2NA(Data, ""GroupA"", ""GroupB"", c(""X1"", ""X2"", ""X3""),      retrace.first = TRUE)",15187437689,1e+07,1000,151.87437689,Sorted
"plotly:::group2NA(Data, ""GroupA"", ""GroupB"", c(""X1"", ""X2"", ""X3""),      retrace.first = TRUE)",15123653920,1e+07,1000,151.2365392,Sorted
"plotly:::group2NA(Data, ""GroupA"", ""GroupB"", ""GroupC"", retrace.first = TRUE)",14764073385,1e+07,1000,147.64073385,Sorted
"plotly:::group2NA(Data, ""GroupA"", ""GroupB"", c(""X1"", ""X2"", ""X3""),      retrace.first = TRUE)",14985791713,1e+07,1000,149.85791713,Sorted
"plotly:::group2NA(Data, ""GroupA"", ""GroupB"", ""GroupC"", retrace.first = TRUE)",14938540960,1e+07,1000,149.3854096,Sorted
"plotly:::group2NA(Data, ""GroupA"", retrace.first = TRUE)",893053076,1e+07,1000,8.93053076,Sorted
"plotly:::group2NA(Data, ""GroupA"", ""GroupB"", ""X1"", retrace.first = TRUE)",14941880496,1e+07,1000,149.41880496,Sorted
"plotly:::group2NA(Data, ""GroupA"", ""GroupB"", ""GroupC"", retrace.first = TRUE)",14793023551,1e+07,1000,147.93023551,Sorted
"plotly:::group2NA(Data, ""GroupA"", ""GroupB"", c(""X1"", ""X2""), retrace.first = TRUE)",14898460629,1e+07,1000,148.98460629,Sorted
"plotly:::group2NA(Data, ""GroupA"", ""GroupB"", c(""X1"", ""X2""), retrace.first = TRUE)",15105161020,1e+07,1000,151.0516102,Sorted
"plotly:::group2NA(Data, ""GroupA"", ""GroupB"", retrace.first = TRUE)",2664262429,1e+07,1000,26.64262429,Not Sorted
"plotly:::group2NA(Data, ""GroupA"", retrace.first = TRUE)",880910495,1e+07,1000,8.80910495,Sorted
"plotly:::group2NA(Data, ""GroupA"", ""GroupB"", retrace.first = TRUE)",2656913244,1e+07,1000,26.56913244,Not Sorted
"plotly:::group2NA(Data, ""GroupA"", ""GroupB"", ""X1"", retrace.first = TRUE)",14663372749,1e+07,1000,146.63372749,Sorted
"plotly:::group2NA(Data, ""GroupA"", ""GroupB"", c(""X1"", ""X2""), retrace.first = TRUE)",14916288201,1e+07,1000,149.16288201,Sorted
"plotly:::group2NA(Data, ""GroupA"", ""GroupB"", ""GroupC"", retrace.first = TRUE)",14722478701,1e+07,1000,147.22478701,Sorted
"plotly:::group2NA(Data, ""GroupA"", retrace.first = TRUE)",899396401,1e+07,1000,8.99396401,Sorted
"plotly:::group2NA(Data, ""GroupA"", retrace.first = TRUE)",758240828,1e+07,1000,7.58240828,Sorted
"plotly:::group2NA(Data, ""GroupA"", ""GroupB"", retrace.first = TRUE)",14885051653,1e+07,10000,148.85051653,Not Sorted
"plotly:::group2NA(Data, ""GroupA"", ""GroupB"", c(""X1"", ""X2""), retrace.first = TRUE)",15112335051,1e+07,10000,151.12335051,Sorted
"plotly:::group2NA(Data, ""GroupA"", ""GroupB"", c(""X1"", ""X2""), retrace.first = TRUE)",14969345181,1e+07,10000,149.69345181,Sorted
"plotly:::group2NA(Data, ""GroupA"", retrace.first = TRUE)",1098854994,1e+07,10000,10.98854994,Sorted
"plotly:::group2NA(Data, ""GroupA"", ""GroupB"", c(""X1"", ""X2"", ""X3""),      retrace.first = TRUE)",15538546197,1e+07,10000,155.38546197,Sorted
"plotly:::group2NA(Data, ""GroupA"", ""GroupB"", c(""X1"", ""X2"", ""X3""),      retrace.first = TRUE)",15064083999,1e+07,10000,150.64083999,Sorted
"plotly:::group2NA(Data, ""GroupA"", ""GroupB"", c(""X1"", ""X2""), retrace.first = TRUE)",14969177416,1e+07,10000,149.69177416,Sorted
"plotly:::group2NA(Data, ""GroupA"", ""GroupB"", ""GroupC"", retrace.first = TRUE)",14759155836,1e+07,10000,147.59155836,Sorted
"plotly:::group2NA(Data, ""GroupA"", ""GroupB"", c(""X1"", ""X2""), retrace.first = TRUE)",14914917582,1e+07,10000,149.14917582,Sorted
"plotly:::group2NA(Data, ""GroupA"", ""GroupB"", c(""X1"", ""X2"", ""X3""),      retrace.first = TRUE)",15349097520,1e+07,10000,153.4909752,Sorted
"plotly:::group2NA(Data, ""GroupA"", ""GroupB"", ""GroupC"", retrace.first = TRUE)",15013387461,1e+07,10000,150.13387461,Sorted
"plotly:::group2NA(Data, ""GroupA"", ""GroupB"", retrace.first = TRUE)",14312217248,1e+07,10000,143.12217248,Not Sorted
"plotly:::group2NA(Data, ""GroupA"", ""GroupB"", ""X1"", retrace.first = TRUE)",15025306136,1e+07,10000,150.25306136,Sorted
"plotly:::group2NA(Data, ""GroupA"", retrace.first = TRUE)",1114741219,1e+07,10000,11.14741219,Sorted
"plotly:::group2NA(Data, ""GroupA"", ""GroupB"", c(""X1"", ""X2""), retrace.first = TRUE)",15635714464,1e+07,10000,156.35714464,Sorted
"plotly:::group2NA(Data, ""GroupA"", ""GroupB"", ""X1"", retrace.first = TRUE)",14812542745,1e+07,10000,148.12542745,Sorted
"plotly:::group2NA(Data, ""GroupA"", ""GroupB"", retrace.first = TRUE)",13909844202,1e+07,10000,139.09844202,Not Sorted
"plotly:::group2NA(Data, ""GroupA"", ""GroupB"", ""X1"", retrace.first = TRUE)",14801428307,1e+07,10000,148.01428307,Sorted
"plotly:::group2NA(Data, ""GroupA"", ""GroupB"", ""GroupC"", retrace.first = TRUE)",15083798676,1e+07,10000,150.83798676,Sorted
"plotly:::group2NA(Data, ""GroupA"", ""GroupB"", retrace.first = TRUE)",14116114417,1e+07,10000,141.16114417,Not Sorted
"plotly:::group2NA(Data, ""GroupA"", retrace.first = TRUE)",1123130165,1e+07,10000,11.23130165,Sorted
"plotly:::group2NA(Data, ""GroupA"", retrace.first = TRUE)",820636553,1e+07,10000,8.20636553,Sorted
"plotly:::group2NA(Data, ""GroupA"", ""GroupB"", ""GroupC"", retrace.first = TRUE)",15271293861,1e+07,10000,152.71293861,Sorted
"plotly:::group2NA(Data, ""GroupA"", ""GroupB"", ""X1"", retrace.first = TRUE)",14889197704,1e+07,10000,148.89197704,Sorted
"plotly:::group2NA(Data, ""GroupA"", ""GroupB"", c(""X1"", ""X2"", ""X3""),      retrace.first = TRUE)",14997566041,1e+07,10000,149.97566041,Sorted
"plotly:::group2NA(Data, ""GroupA"", ""GroupB"", retrace.first = TRUE)",13910385382,1e+07,10000,139.10385382,Not Sorted
"plotly:::group2NA(Data, ""GroupA"", ""GroupB"", c(""X1"", ""X2"", ""X3""),      retrace.first = TRUE)",14978388536,1e+07,10000,149.78388536,Sorted
"plotly:::group2NA(Data, ""GroupA"", retrace.first = TRUE)",1110572189,1e+07,10000,11.10572189,Sorted
"plotly:::group2NA(Data, ""GroupA"", ""GroupB"", ""X1"", retrace.first = TRUE)",15228212316,1e+07,10000,152.28212316,Sorted
"plotly:::group2NA(Data, ""GroupA"", ""GroupB"", ""GroupC"", retrace.first = TRUE)",15148331159,1e+07,10000,151.48331159,Sorted
"plotly:::group2NA(Data, ""GroupA"", retrace.first = TRUE)",1648279448,1e+07,1e+05,16.48279448,Sorted
"plotly:::group2NA(Data, ""GroupA"", ""GroupB"", ""GroupC"", retrace.first = TRUE)",18785145039,1e+07,1e+05,187.85145039,Sorted
"plotly:::group2NA(Data, ""GroupA"", retrace.first = TRUE)",1414447615,1e+07,1e+05,14.14447615,Sorted
"plotly:::group2NA(Data, ""GroupA"", ""GroupB"", c(""X1"", ""X2"", ""X3""),      retrace.first = TRUE)",18662812561,1e+07,1e+05,186.62812561,Sorted
"plotly:::group2NA(Data, ""GroupA"", ""GroupB"", ""GroupC"", retrace.first = TRUE)",17802521666,1e+07,1e+05,178.02521666,Sorted
"plotly:::group2NA(Data, ""GroupA"", ""GroupB"", c(""X1"", ""X2""), retrace.first = TRUE)",17911359736,1e+07,1e+05,179.11359736,Sorted
"plotly:::group2NA(Data, ""GroupA"", ""GroupB"", ""GroupC"", retrace.first = TRUE)",17691141990,1e+07,1e+05,176.9114199,Sorted
"plotly:::group2NA(Data, ""GroupA"", ""GroupB"", c(""X1"", ""X2""), retrace.first = TRUE)",18078825530,1e+07,1e+05,180.7882553,Sorted
"plotly:::group2NA(Data, ""GroupA"", ""GroupB"", retrace.first = TRUE)",17749456071,1e+07,1e+05,177.49456071,Not Sorted
"plotly:::group2NA(Data, ""GroupA"", ""GroupB"", retrace.first = TRUE)",17477690745,1e+07,1e+05,174.77690745,Not Sorted
"plotly:::group2NA(Data, ""GroupA"", ""GroupB"", c(""X1"", ""X2""), retrace.first = TRUE)",18001051847,1e+07,1e+05,180.01051847,Sorted
"plotly:::group2NA(Data, ""GroupA"", retrace.first = TRUE)",1422977391,1e+07,1e+05,14.22977391,Sorted
"plotly:::group2NA(Data, ""GroupA"", ""GroupB"", ""X1"", retrace.first = TRUE)",18352527612,1e+07,1e+05,183.52527612,Sorted
"plotly:::group2NA(Data, ""GroupA"", ""GroupB"", retrace.first = TRUE)",17562049404,1e+07,1e+05,175.62049404,Not Sorted
"plotly:::group2NA(Data, ""GroupA"", ""GroupB"", c(""X1"", ""X2"", ""X3""),      retrace.first = TRUE)",18125783386,1e+07,1e+05,181.25783386,Sorted
"plotly:::group2NA(Data, ""GroupA"", ""GroupB"", c(""X1"", ""X2""), retrace.first = TRUE)",18416300971,1e+07,1e+05,184.16300971,Sorted
"plotly:::group2NA(Data, ""GroupA"", ""GroupB"", ""X1"", retrace.first = TRUE)",18084663235,1e+07,1e+05,180.84663235,Sorted
"plotly:::group2NA(Data, ""GroupA"", retrace.first = TRUE)",1520063021,1e+07,1e+05,15.20063021,Sorted
"plotly:::group2NA(Data, ""GroupA"", ""GroupB"", c(""X1"", ""X2""), retrace.first = TRUE)",18678021674,1e+07,1e+05,186.78021674,Sorted
"plotly:::group2NA(Data, ""GroupA"", ""GroupB"", ""X1"", retrace.first = TRUE)",17815583525,1e+07,1e+05,178.15583525,Sorted
"plotly:::group2NA(Data, ""GroupA"", ""GroupB"", c(""X1"", ""X2"", ""X3""),      retrace.first = TRUE)",18097349621,1e+07,1e+05,180.97349621,Sorted
"plotly:::group2NA(Data, ""GroupA"", ""GroupB"", ""GroupC"", retrace.first = TRUE)",17878318372,1e+07,1e+05,178.78318372,Sorted
"plotly:::group2NA(Data, ""GroupA"", ""GroupB"", c(""X1"", ""X2"", ""X3""),      retrace.first = TRUE)",18276973902,1e+07,1e+05,182.76973902,Sorted
"plotly:::group2NA(Data, ""GroupA"", ""GroupB"", retrace.first = TRUE)",17483298747,1e+07,1e+05,174.83298747,Not Sorted
"plotly:::group2NA(Data, ""GroupA"", ""GroupB"", ""X1"", retrace.first = TRUE)",17818611497,1e+07,1e+05,178.18611497,Sorted
"plotly:::group2NA(Data, ""GroupA"", ""GroupB"", c(""X1"", ""X2"", ""X3""),      retrace.first = TRUE)",18111251527,1e+07,1e+05,181.11251527,Sorted
"plotly:::group2NA(Data, ""GroupA"", ""GroupB"", retrace.first = TRUE)",17306304858,1e+07,1e+05,173.06304858,Not Sorted
"plotly:::group2NA(Data, ""GroupA"", ""GroupB"", ""X1"", retrace.first = TRUE)",17934459776,1e+07,1e+05,179.34459776,Sorted
"plotly:::group2NA(Data, ""GroupA"", ""GroupB"", ""GroupC"", retrace.first = TRUE)",18346951853,1e+07,1e+05,183.46951853,Sorted
"plotly:::group2NA(Data, ""GroupA"", retrace.first = TRUE)",1398665463,1e+07,1e+05,13.98665463,Sorted
"plotly:::group2NA(Data, ""GroupA"", ""GroupB"", retrace.first = TRUE)",28834292699,1e+07,1e+06,288.34292699,Not Sorted
"plotly:::group2NA(Data, ""GroupA"", ""GroupB"", ""X1"", retrace.first = TRUE)",29113007074,1e+07,1e+06,291.13007074,Sorted
"plotly:::group2NA(Data, ""GroupA"", retrace.first = TRUE)",4388888571,1e+07,1e+06,43.88888571,Sorted
"plotly:::group2NA(Data, ""GroupA"", retrace.first = TRUE)",4864381030,1e+07,1e+06,48.6438103,Sorted
"plotly:::group2NA(Data, ""GroupA"", ""GroupB"", c(""X1"", ""X2"", ""X3""),      retrace.first = TRUE)",29950124579,1e+07,1e+06,299.50124579,Sorted
"plotly:::group2NA(Data, ""GroupA"", ""GroupB"", ""X1"", retrace.first = TRUE)",28827611511,1e+07,1e+06,288.27611511,Sorted
"plotly:::group2NA(Data, ""GroupA"", ""GroupB"", retrace.first = TRUE)",30699949759,1e+07,1e+06,306.99949759,Not Sorted
"plotly:::group2NA(Data, ""GroupA"", ""GroupB"", c(""X1"", ""X2"", ""X3""),      retrace.first = TRUE)",28433742824,1e+07,1e+06,284.33742824,Sorted
"plotly:::group2NA(Data, ""GroupA"", ""GroupB"", c(""X1"", ""X2"", ""X3""),      retrace.first = TRUE)",28393759550,1e+07,1e+06,283.9375955,Sorted
"plotly:::group2NA(Data, ""GroupA"", ""GroupB"", c(""X1"", ""X2""), retrace.first = TRUE)",28176621216,1e+07,1e+06,281.76621216,Sorted
"plotly:::group2NA(Data, ""GroupA"", ""GroupB"", c(""X1"", ""X2"", ""X3""),      retrace.first = TRUE)",27619542213,1e+07,1e+06,276.19542213,Sorted
"plotly:::group2NA(Data, ""GroupA"", ""GroupB"", ""GroupC"", retrace.first = TRUE)",27411173169,1e+07,1e+06,274.11173169,Sorted
"plotly:::group2NA(Data, ""GroupA"", ""GroupB"", ""GroupC"", retrace.first = TRUE)",28636324472,1e+07,1e+06,286.36324472,Sorted
"plotly:::group2NA(Data, ""GroupA"", ""GroupB"", c(""X1"", ""X2""), retrace.first = TRUE)",28085956355,1e+07,1e+06,280.85956355,Sorted
"plotly:::group2NA(Data, ""GroupA"", ""GroupB"", c(""X1"", ""X2"", ""X3""),      retrace.first = TRUE)",27965928599,1e+07,1e+06,279.65928599,Sorted
"plotly:::group2NA(Data, ""GroupA"", ""GroupB"", ""X1"", retrace.first = TRUE)",29153959615,1e+07,1e+06,291.53959615,Sorted
"plotly:::group2NA(Data, ""GroupA"", ""GroupB"", ""GroupC"", retrace.first = TRUE)",28111355104,1e+07,1e+06,281.11355104,Sorted
"plotly:::group2NA(Data, ""GroupA"", ""GroupB"", retrace.first = TRUE)",27002349895,1e+07,1e+06,270.02349895,Not Sorted
"plotly:::group2NA(Data, ""GroupA"", ""GroupB"", ""GroupC"", retrace.first = TRUE)",29083938360,1e+07,1e+06,290.8393836,Sorted
"plotly:::group2NA(Data, ""GroupA"", ""GroupB"", ""GroupC"", retrace.first = TRUE)",27985433238,1e+07,1e+06,279.85433238,Sorted
"plotly:::group2NA(Data, ""GroupA"", ""GroupB"", c(""X1"", ""X2""), retrace.first = TRUE)",27514489808,1e+07,1e+06,275.14489808,Sorted
"plotly:::group2NA(Data, ""GroupA"", ""GroupB"", retrace.first = TRUE)",26688203648,1e+07,1e+06,266.88203648,Not Sorted
"plotly:::group2NA(Data, ""GroupA"", retrace.first = TRUE)",5421364416,1e+07,1e+06,54.21364416,Sorted
"plotly:::group2NA(Data, ""GroupA"", ""GroupB"", ""X1"", retrace.first = TRUE)",29189396236,1e+07,1e+06,291.89396236,Sorted
"plotly:::group2NA(Data, ""GroupA"", ""GroupB"", retrace.first = TRUE)",26987012010,1e+07,1e+06,269.8701201,Not Sorted
"plotly:::group2NA(Data, ""GroupA"", ""GroupB"", c(""X1"", ""X2""), retrace.first = TRUE)",27435729691,1e+07,1e+06,274.35729691,Sorted
"plotly:::group2NA(Data, ""GroupA"", ""GroupB"", ""X1"", retrace.first = TRUE)",28257814926,1e+07,1e+06,282.57814926,Sorted
"plotly:::group2NA(Data, ""GroupA"", retrace.first = TRUE)",5433561942,1e+07,1e+06,54.33561942,Sorted
"plotly:::group2NA(Data, ""GroupA"", ""GroupB"", c(""X1"", ""X2""), retrace.first = TRUE)",30377984030,1e+07,1e+06,303.7798403,Sorted
"plotly:::group2NA(Data, ""GroupA"", retrace.first = TRUE)",5477183377,1e+07,1e+06,54.77183377,Sorted
